ev_id,Aircraft_Key,narr_accp,narr_accf,narr_cause,narr_inc,lchg_date,lchg_userid
"20110104X53752",1,"On January 3, 2011, about 1350 Alaska standard time, a Beechcraft E18S-9700 airplane, N9001, sustained substantial damage during the takeoff phase of an aborted landing at the New Stuyahok Airport, New Stuyahok, Alaska. The airplane was being operated by Air Supply Alaska, Inc., Kenai, Alaska, as a visual flight rules(VFR) cargo flight under Title 14, Code of Federal Regulations Part 135, when the accident occurred. The solo airline transport pilot was not injured. Visual meteorological conditions prevailed, and company flight following was in effect. 

In a written statement to the National Transportation Safety Board investigator-in-charge, dated January 6, the pilot reported that upon touching down on the ice-covered runway, he realized that the runway was slicker than anticipated. He wrote that he applied power to abort the landing, but was unable to out-climb the rising terrain at the end of the runway. The airplane collided with terrain, and both wings and the fuselage received substantial damage. The pilot indicated that there were no mechanical issues with the airplane that precluded normal operation.","The pilot reported that the runway at the destination airport was ice-covered, and that upon touchdown the surface was slicker than he had anticipated. He aborted the landing by applying full power to take off. The airplane was unable to out-climb the rising terrain at the end of the runway, and it collided with terrain, sustaining substantial damage to the fuselage and both wings. The pilot indicated that there were no mechanical issues with the airplane that precluded its normal operation.","The pilot's misjudgment of the runway surface condition, resulting in an aborted landing and collision with rising terrain during the ensuing takeoff attempt.",,"07/22/26 20:42:25","dobn"
"20260616203187",1,"On June 15, 2026, about 1955 eastern daylight time, an experimental amateur-built Van’s RV-3A, N696DB, was destroyed when it was involved in an accident near Lakeland, Florida. The pilot received fatal injuries. The airplane was operated as a Title 14 Code of Federal Regulations Part 91 personal flight.
Review of ADS-B data showed that the pilot departed Bartow executive Airport (BOW), Bartow, Florida, about 1930. A witness, who was also a pilot, stated that he and the accident pilot were going to rendezvous near Orlampa Inc Airport (FA08), Polk City, Florida, and conduct formation flight maneuvers in the area. 
The witness stated that after joining up in formation with the accident pilot, they conducted basic formation straight-and-level flight and turn maneuvers at 140 mph. During the initial formation sequence the accident pilot was the lead airplane. After the formation flight completed a few turns, they conducted a planned lead change. 
According to the witness, who was then serving as the formation lead, he flew the airplane with the autopilot engaged and set to maintain 2,000 ft msl and 140 mph. The witness stated that he used the heading bug to make directional changes, providing a stable platform for the formation. The accident pilot then requested that the witness record a formation break maneuver.
Video recorded by the witness showed the accident airplane initiating a right roll into the break maneuver. During the maneuver, the right wing folded upward to about 90º, and fuel was observed spraying from the right wing root area. The witness reported observing an object separate from the fuselage area as the airplane rolled inverted and entered a dive. The witness watched the airplane as it descended but did not observe the ground impact because it was obscured by trees. 
The airplane impacted an agricultural field 6 nm west of FA08. The wreckage debris were isolated to three locations. The main wreckage consisted of the fuselage, with the exception of the canopy, right wing, and right flap, which had separated from the airframe. The fuselage came to rest in trees, oriented on a magnetic heading of 210º. The separated right wing was located about 1/4-mi east of the main wreckage. The right flap was about 600 ft south of the right wing. The canopy was not located.
The fuselage and left wing were crushed and compacted. The right side of the fuselage was completely torn in the accident sequence and the left side of the fuselage remained connected to the left wing and empennage. The entire cockpit and instrument panel were crushed and the instrument panel and gauges were fragmented. The horizontal stabilizers were impact-separated and the rudder was intact. Control continuity was established between the control surfaces to the cockpit through cables and fractured control tubes. 
The engine and propeller remained attached to the crushed firewall, and was embedded about 4 ft into the ground. The propellor hub and remnants of the wooden propellor were splintered and buried beneath the engine. 
A portion of the right wing upper and lower spar cap was removed and retained for examination.",,,,"07/23/26 18:00:03","diad"
"20260621203203",1,"On June 20, 2026, about 1134 eastern daylight time (EDT), Delta Air Lines flight 2351 (DAL2351), an Airbus A319, and American Airlines flight 3161 (AAL3161), a Boeing 737-800, were involved in a runway incursion that resulted in a go-around of DAL2351 at General Edward Lawrence Logan International Airport (BOS), Boston, Massachusetts. There were no injuries reported to the 131 passengers and 5 crewmembers on board DAL2351 or the 176 passengers and 6 crewmembers on board AAL3161. There was no damage to either airplane. 
DAL2351 was a scheduled domestic passenger flight operating under the provisions of Title 14 Code of Federal Regulations (CFR) Part 121 from Dallas Fort Worth International Airport (DFW), Dallas-Fort Worth, Texas, to BOS. AAL3161 was a scheduled domestic passenger flight operating under the provisions of Title 14 CFR Part 121 from BOS to Charlotte-Douglas International Airport (CLT), Charlotte, North Carolina. At the time of the runway incursion, DAL2351 was descending to land on runway 33L when AAL3161 began its takeoff roll on runway 27. After the go-around, DAL2351 landed in BOS without incident while AAL3161 continued their takeoff and completed their flight to CLT without incident.
As part of the investigative process, the NTSB invited qualified parties to participate in the investigation. Parties to the investigation include the Federal Aviation Administration (FAA), National Air Traffic Controllers Association (NATCA), Delta Air Lines, American Airlines, Air Line Pilots Association (ALPA), Allied Pilots Association (APA), and Boeing. In accordance with the International Civil Aviation Organization (ICAO) Annex 13, the Bureau d’Enquêtes et d’Analyses pour la Sécurité de l’Aviation Civile (BEA) of France, representing the State of Design of the Airbus A319 airplane, was notified of the investigation. The parties were formed into specialized investigative groups led by NTSB group chairmen in the areas of Air Traffic Control (ATC), Operations, and Human Performance. Additionally, NTSB specialists in the areas of Meteorology, Aircraft Performance, and Recorders were assigned to the investigation.
At the time of the incident, a local control west (LCW) controller, a local control east controller (LCE), a ground control (GC) controller, a clearance delivery (CD) controller, and an operations supervisor (OS) were present in the BOS ATC tower cab. The LCW controller was responsible for aircraft departure and arrival operations on runways 27 and 33L. The LCE was responsible for traffic coordination, monitoring the LCW position, writing flight strips, and local helicopter traffic. See figure 1 below for a BOS airfield diagram.

Figure 1. BOS airfield diagram showing runways 27 (highlighted blue) and 33L (highlighted yellow). A red arrow points to the runway intersection for this incident.
Certified ATC audio recordings and Automatic Dependent Surveillance-Broadcast (ADS-B) data for the incident were provided by the FAA. Table 1 provides key transmissions between the LCW controller and the flight crews of DAL2351 and AAL3161 as well as key events from ADS-B data.

Table 1. Key transmissions between the BOS ATC tower LCW and the flight crews of DAL2351 and AAL3161. All times are approximate and presented in EDT.
Time (EDT)Event1132:21LCW instructed AAL3161 to “line up and wait” on runway 27 and advised that traffic was landing on runway 33L. Crew of AAL3161 subsequently acknowledged instruction.1132:35LCW provided landing clearance to DAL2351 for runway 33L and that traffic is holding on runway 27. Crew of DAL2351 subsequently acknowledged instruction. 1133:14AAL3161 positioned at the threshold of runway 27.1133:33Tradewind Aviation flight 82 (GPD82), a Pilatus PC-12, crossed the threshold of runway 33L and subsequently landed.1133:43LCW provided takeoff clearance to AAL3161 for runway 27.1133:46Crew of AA3161 acknowledged the takeoff clearance. Additionally, GPD82 crossed the intersection of runways 33L and 27. 1134:02LCW instructed GPD82 to turn left on taxiway T and to expedite its taxi because traffic was on a 1.25-mile final. Crew of GPD82 subsequently acknowledged.1134:06AAL3161 velocity began to increase from zero, but then decreased to zero 8 seconds later.1134:20LCW instructed GPD82 to continue on runway 27 and turn left on taxiway T.1134:31LCW provided GPD82 with additional taxi instructions.1134:33GPD82 exited runway 27 onto taxiway T.1134:37AAL3161 velocity began to increase.1134:45Crew of DAL2351 began to communicate to the LCW that they were initiating a go-around due to AAL3161.1134:50LCW queried AAL3161 on where they are going. Crew of AAL3161 subsequently replied to the LCW that they had been cleared for takeoff.1135:05LCW provided go-around instructions for DAL2351.
A preliminary estimate of the closest proximity between DAL2351 and AAL3161 determined they were about 670 ft apart, as shown in figure 2. 


Figure 2. Profile view of the DAL2351 and AA3161 flight tracks. The yellow arrows point to the locations of the two airplanes at the time of their closest proximity to each other, which was about 670 ft.
Airport Surface Detection Equipment – Model X (ASDE-X)
BOS was equipped with Airport Surface Detection Equipment – Model X (ASDE-X), a system that provides ATC controllers with visual and aural alerts to runway conflicts through predictive system logic. BOS was also equipped with Runway Status Lights (RWSL), an automated system that provides situation awareness to flight crews and vehicle operators regarding potential conflicts at runway and taxiway intersections that are detected using surface radar surveillance. The RWSL system at BOS included takeoff hold lights (THL) on runways 9/27 and 15R/33L. The THL illuminate red when the system control logic determines it is unsafe to depart the runway due to a predicted conflict and extinguish when there is no predicted conflict. 
A preliminary review of the ASDE-X data from the incident by the FAA determined that the system generated an aural and visual alert for a predicted conflict involving converging targets, specifically DAL2351 and AAL3161. Additionally, a preliminary analysis by the FAA of the performance of the RWSL determined that the THL for runway 27 had illuminated while AAL3161 was lining up at the threshold of runway 27 and GPD82 was approaching runway 33L to land. After GPD82 had landed and was about to cross the intersection with runway 27, the THL for runway 27 extinguished. 
The THL for runway 27 illuminated red again when DAL2351 was on final approach to runway 33L, and subsequently extinguished when DAL2351 was crossing the intersection with runway 27.
Both DAL2351 and AAL3161 were each equipped with a cockpit voice recorder (CVR) that recorded a minimum of 2 hours of cockpit audio. By the time investigators requested the CVRs be quarantined for each airplane, the CVR data for the incident flight had been overwritten. The digital flight data recorder (DFDR) from each airplane still contained flight data from the incident. These data are currently being analyzed by investigators.
Delta Air Lines Flight 2351 (DAL2351) Flight Crew Statements
Postincident statements provided by the DAL2351 flight crew revealed the first officer (FO) was the pilot flying and the captain was the pilot monitoring. The captain stated that, once Tradewind Aviation flight 82 (GPD82), a Pilatus PC-12, passed through the intersection of runways 33L and 27, they heard AAL3161 receive a takeoff clearance and their understanding was that AAL3161 would depart and be clear of runway 33L before their arrival. The captain recalled seeing AAL3161 move forward slightly, and then stopped and remained stationary. The captain told the FO he would monitor GPD82 until it cleared runway 33L as well as the progress of AAL3161 through the runway intersection. 
The captain recalled seeing AAL3161 initiate its takeoff roll at about 500 ft, and as AAL3161 approached the 1,000-ft markers on runway 27, the captain instructed the FO to initiate a go-around, which the FO stated he immediately executed. The FO stated he was unable to see AAL3161 during initiation of the go-around due to obstruction from the cockpit window pillar that was within his field of view. The captain stated they did not receive a traffic alert and collision avoidance system (TCAS) alert at any time during the incident.
American Airlines Flight 3161 (AAL3161) Flight Crew Interviews
Postincident interview of the AAL3161 flight crew revealed that the taxi to runway 27 was uneventful. The FO was the pilot flying and the captain was the pilot monitoring. When AAL3161 was cleared to take off, the FO advanced the engine thrust levers to 40% power. After the engines stabilized, the FO pressed the takeoff/go-around (TOGA) button and then received a takeoff configuration warning; the FO immediately pulled engine power back to idle. The captain checked the flaps, trim, parking brake, and speedbrake to verify that the takeoff configuration was correct. 
After the flight crew concluded the takeoff configuration warning was likely erroneous, the FO advanced the thrust levers for take off. When approaching the intersection of runways 27 and 33L, the captain stated he saw DAL2351 initiating a go-around. The AAL3161 flight crew determined they would not be in further conflict with DAL2351 and elected to continue their takeoff. Both the captain and FO stated they did not see any RWSLs illuminated.
Boston Air Traffic Control Tower Interviews
Postincident interviews of the BOS ATC tower LCW, LCE, and OS revealed that there were no notable distractions or anomalies within the tower cab during the time leading up to the runway incursion. The controllers interviewed characterized both the traffic and complexity as moderate-to-low at the time of the incident. The LCW recalled that, after seeing GPD82 land, he cleared AAL3161 for takeoff and thought he saw the airplane begin its takeoff roll. Believing that AAL3161 would continue its takeoff, and not receiving further communication from the crew of AAL3161, the LCW stated he subsequently focused his attention back on GPD82 to ensure they would vacate runway 33L in time for DAL2351 to land. 
The LCW recalled hearing the ASDE-X alert, looked out the tower cab window, and recalled feeling confused since GPD82 was exiting runway 33L at that time. The LCW stated he normally canted the flight strip on the strip bay after giving a takeoff clearance, but saw the flight strip for AAL3161 was not canted when the runway incursion occurred, leading him to believe that he must not have cleared them for takeoff. The LCE recalled that, during the time leading up to the runway incursion, he was writing flight strips for the LCW and was also monitoring GPD82 as the LCW was providing them multiple taxi instructions. 
The LCE stated he became aware of the runway incursion when DAL2351 began to communicate they were going around, after which the ASDE-X alerted, and he saw DAL2351 performing a go-around while AAL3161 was rolling down runway 27. The OS stated that, prior to the incident, he was contacted by a supervisor at the Boston Consolidated Terminal Radar Approach Control (TRACON) about a prior pilot deviation. The OS was looking through their logs to research this prior pilot deviation when he heard the LCW instruct GPD82 to expedite their taxi on runway 33L. The OS recalled looking at the intersection of runway 33L and taxiway T when he saw the nose of DAL2351 rise up, after which the ASDE-X alerted.
The NTSB’s incident investigation is ongoing.",,,,"07/23/26 18:00:16","weie1"
"20260621203203",2,"On June 20, 2026, about 1134 eastern daylight time (EDT), Delta Air Lines flight 2351 (DAL2351), an Airbus A319, and American Airlines flight 3161 (AAL3161), a Boeing 737-800, were involved in a runway incursion that resulted in a go-around of DAL2351 at General Edward Lawrence Logan International Airport (BOS), Boston, Massachusetts. There were no injuries reported to the 131 passengers and 5 crewmembers on board DAL2351 or the 176 passengers and 6 crewmembers on board AAL3161. There was no damage to either airplane. 
DAL2351 was a scheduled domestic passenger flight operating under the provisions of Title 14 Code of Federal Regulations (CFR) Part 121 from Dallas Fort Worth International Airport (DFW), Dallas-Fort Worth, Texas, to BOS. AAL3161 was a scheduled domestic passenger flight operating under the provisions of Title 14 CFR Part 121 from BOS to Charlotte-Douglas International Airport (CLT), Charlotte, North Carolina. At the time of the runway incursion, DAL2351 was descending to land on runway 33L when AAL3161 began its takeoff roll on runway 27. After the go-around, DAL2351 landed in BOS without incident while AAL3161 continued their takeoff and completed their flight to CLT without incident.
As part of the investigative process, the NTSB invited qualified parties to participate in the investigation. Parties to the investigation include the Federal Aviation Administration (FAA), National Air Traffic Controllers Association (NATCA), Delta Air Lines, American Airlines, Air Line Pilots Association (ALPA), Allied Pilots Association (APA), and Boeing. In accordance with the International Civil Aviation Organization (ICAO) Annex 13, the Bureau d’Enquêtes et d’Analyses pour la Sécurité de l’Aviation Civile (BEA) of France, representing the State of Design of the Airbus A319 airplane, was notified of the investigation. The parties were formed into specialized investigative groups led by NTSB group chairmen in the areas of Air Traffic Control (ATC), Operations, and Human Performance. Additionally, NTSB specialists in the areas of Meteorology, Aircraft Performance, and Recorders were assigned to the investigation.
At the time of the incident, a local control west (LCW) controller, a local control east controller (LCE), a ground control (GC) controller, a clearance delivery (CD) controller, and an operations supervisor (OS) were present in the BOS ATC tower cab. The LCW controller was responsible for aircraft departure and arrival operations on runways 27 and 33L. The LCE was responsible for traffic coordination, monitoring the LCW position, writing flight strips, and local helicopter traffic. See figure 1 below for a BOS airfield diagram.

Figure 1. BOS airfield diagram showing runways 27 (highlighted blue) and 33L (highlighted yellow). A red arrow points to the runway intersection for this incident.
Certified ATC audio recordings and Automatic Dependent Surveillance-Broadcast (ADS-B) data for the incident were provided by the FAA. Table 1 provides key transmissions between the LCW controller and the flight crews of DAL2351 and AAL3161 as well as key events from ADS-B data.

Table 1. Key transmissions between the BOS ATC tower LCW and the flight crews of DAL2351 and AAL3161. All times are approximate and presented in EDT.
Time (EDT)Event1132:21LCW instructed AAL3161 to “line up and wait” on runway 27 and advised that traffic was landing on runway 33L. Crew of AAL3161 subsequently acknowledged instruction.1132:35LCW provided landing clearance to DAL2351 for runway 33L and that traffic is holding on runway 27. Crew of DAL2351 subsequently acknowledged instruction. 1133:14AAL3161 positioned at the threshold of runway 27.1133:33Tradewind Aviation flight 82 (GPD82), a Pilatus PC-12, crossed the threshold of runway 33L and subsequently landed.1133:43LCW provided takeoff clearance to AAL3161 for runway 27.1133:46Crew of AA3161 acknowledged the takeoff clearance. Additionally, GPD82 crossed the intersection of runways 33L and 27. 1134:02LCW instructed GPD82 to turn left on taxiway T and to expedite its taxi because traffic was on a 1.25-mile final. Crew of GPD82 subsequently acknowledged.1134:06AAL3161 velocity began to increase from zero, but then decreased to zero 8 seconds later.1134:20LCW instructed GPD82 to continue on runway 27 and turn left on taxiway T.1134:31LCW provided GPD82 with additional taxi instructions.1134:33GPD82 exited runway 27 onto taxiway T.1134:37AAL3161 velocity began to increase.1134:45Crew of DAL2351 began to communicate to the LCW that they were initiating a go-around due to AAL3161.1134:50LCW queried AAL3161 on where they are going. Crew of AAL3161 subsequently replied to the LCW that they had been cleared for takeoff.1135:05LCW provided go-around instructions for DAL2351.
A preliminary estimate of the closest proximity between DAL2351 and AAL3161 determined they were about 670 ft apart, as shown in figure 2. 


Figure 2. Profile view of the DAL2351 and AA3161 flight tracks. The yellow arrows point to the locations of the two airplanes at the time of their closest proximity to each other, which was about 670 ft.
Airport Surface Detection Equipment – Model X (ASDE-X)
BOS was equipped with Airport Surface Detection Equipment – Model X (ASDE-X), a system that provides ATC controllers with visual and aural alerts to runway conflicts through predictive system logic. BOS was also equipped with Runway Status Lights (RWSL), an automated system that provides situation awareness to flight crews and vehicle operators regarding potential conflicts at runway and taxiway intersections that are detected using surface radar surveillance. The RWSL system at BOS included takeoff hold lights (THL) on runways 9/27 and 15R/33L. The THL illuminate red when the system control logic determines it is unsafe to depart the runway due to a predicted conflict and extinguish when there is no predicted conflict. 
A preliminary review of the ASDE-X data from the incident by the FAA determined that the system generated an aural and visual alert for a predicted conflict involving converging targets, specifically DAL2351 and AAL3161. Additionally, a preliminary analysis by the FAA of the performance of the RWSL determined that the THL for runway 27 had illuminated while AAL3161 was lining up at the threshold of runway 27 and GPD82 was approaching runway 33L to land. After GPD82 had landed and was about to cross the intersection with runway 27, the THL for runway 27 extinguished. 
The THL for runway 27 illuminated red again when DAL2351 was on final approach to runway 33L, and subsequently extinguished when DAL2351 was crossing the intersection with runway 27.
Both DAL2351 and AAL3161 were each equipped with a cockpit voice recorder (CVR) that recorded a minimum of 2 hours of cockpit audio. By the time investigators requested the CVRs be quarantined for each airplane, the CVR data for the incident flight had been overwritten. The digital flight data recorder (DFDR) from each airplane still contained flight data from the incident. These data are currently being analyzed by investigators.
Delta Air Lines Flight 2351 (DAL2351) Flight Crew Statements
Postincident statements provided by the DAL2351 flight crew revealed the first officer (FO) was the pilot flying and the captain was the pilot monitoring. The captain stated that, once Tradewind Aviation flight 82 (GPD82), a Pilatus PC-12, passed through the intersection of runways 33L and 27, they heard AAL3161 receive a takeoff clearance and their understanding was that AAL3161 would depart and be clear of runway 33L before their arrival. The captain recalled seeing AAL3161 move forward slightly, and then stopped and remained stationary. The captain told the FO he would monitor GPD82 until it cleared runway 33L as well as the progress of AAL3161 through the runway intersection. 
The captain recalled seeing AAL3161 initiate its takeoff roll at about 500 ft, and as AAL3161 approached the 1,000-ft markers on runway 27, the captain instructed the FO to initiate a go-around, which the FO stated he immediately executed. The FO stated he was unable to see AAL3161 during initiation of the go-around due to obstruction from the cockpit window pillar that was within his field of view. The captain stated they did not receive a traffic alert and collision avoidance system (TCAS) alert at any time during the incident.
American Airlines Flight 3161 (AAL3161) Flight Crew Interviews
Postincident interview of the AAL3161 flight crew revealed that the taxi to runway 27 was uneventful. The FO was the pilot flying and the captain was the pilot monitoring. When AAL3161 was cleared to take off, the FO advanced the engine thrust levers to 40% power. After the engines stabilized, the FO pressed the takeoff/go-around (TOGA) button and then received a takeoff configuration warning; the FO immediately pulled engine power back to idle. The captain checked the flaps, trim, parking brake, and speedbrake to verify that the takeoff configuration was correct. 
After the flight crew concluded the takeoff configuration warning was likely erroneous, the FO advanced the thrust levers for take off. When approaching the intersection of runways 27 and 33L, the captain stated he saw DAL2351 initiating a go-around. The AAL3161 flight crew determined they would not be in further conflict with DAL2351 and elected to continue their takeoff. Both the captain and FO stated they did not see any RWSLs illuminated.
Boston Air Traffic Control Tower Interviews
Postincident interviews of the BOS ATC tower LCW, LCE, and OS revealed that there were no notable distractions or anomalies within the tower cab during the time leading up to the runway incursion. The controllers interviewed characterized both the traffic and complexity as moderate-to-low at the time of the incident. The LCW recalled that, after seeing GPD82 land, he cleared AAL3161 for takeoff and thought he saw the airplane begin its takeoff roll. Believing that AAL3161 would continue its takeoff, and not receiving further communication from the crew of AAL3161, the LCW stated he subsequently focused his attention back on GPD82 to ensure they would vacate runway 33L in time for DAL2351 to land. 
The LCW recalled hearing the ASDE-X alert, looked out the tower cab window, and recalled feeling confused since GPD82 was exiting runway 33L at that time. The LCW stated he normally canted the flight strip on the strip bay after giving a takeoff clearance, but saw the flight strip for AAL3161 was not canted when the runway incursion occurred, leading him to believe that he must not have cleared them for takeoff. The LCE recalled that, during the time leading up to the runway incursion, he was writing flight strips for the LCW and was also monitoring GPD82 as the LCW was providing them multiple taxi instructions. 
The LCE stated he became aware of the runway incursion when DAL2351 began to communicate they were going around, after which the ASDE-X alerted, and he saw DAL2351 performing a go-around while AAL3161 was rolling down runway 27. The OS stated that, prior to the incident, he was contacted by a supervisor at the Boston Consolidated Terminal Radar Approach Control (TRACON) about a prior pilot deviation. The OS was looking through their logs to research this prior pilot deviation when he heard the LCW instruct GPD82 to expedite their taxi on runway 33L. The OS recalled looking at the intersection of runway 33L and taxiway T when he saw the nose of DAL2351 rise up, after which the ASDE-X alerted.
The NTSB’s incident investigation is ongoing.",,,,"07/23/26 18:00:16","weie1"
"20260710203365",1,"On July 10, 2026, about 0745 eastern daylight time, a Sikorsky S-76D helicopter, N93RT, was destroyed when it was involved in an accident near Huntersville, West Virginia. The commercial pilot was fatally injured. The helicopter was operated as a Title 14 Code of Federal Regulations Part 91 positioning flight.
The pilot of the helicopter departed a private hangar near Glenville, West Virginia about 0710 to pick up the helicopter’s owner at his property. Preliminary ADS-B data showed the helicopter flying from near the departure point directly toward the destination landing zone until it was about 0.5 nautical miles (nm) northwest of the destination when the helicopter made a right turn. The helicopter was flying at an altitude of about 3,550 ft mean sea level (msl) when it made the turn to the right, away from the destination landing zone, which was located at an elevation of about 2,250 ft. 
A witness recorded a video of the helicopter when it was about 1.3 nm west southwest of the destination, and it showed the helicopter flying about 100 to 150 ft above ground level (agl). The video also depicted could ceilings that were about 200 to 250 ft agl.  The video showed the helicopter continuing down a valley toward the town of Huntersville, West Virginia with the landing gear extended, before making a right turn toward the destination. The witness, who watched the helicopter fly over his house, reported that the rotor wash from the helicopter was making the trees on his property sway as it passed overhead. 
Witnesses who were located closer to the destination stated that it was foggy around the time of the accident and estimated the cloud ceiling was between 100 and 200 ft agl.  They also stated that when they saw the helicopter it was partially obscured by the fog, with only the “belly” visible at various points. The described that as the helicopter passed over a ridge to the southwest of the destination, it continued east, perpendicular to the approach path they had seen the helicopter fly in the past. They also described that the helicopter pitched up just prior to impacting the mountainside. 
The accident site was about 0.15 nm southeast of the destination landing zone on the side of a mountain, at an elevation about 2,500 ft. The debris path was about 330 ft in length and oriented on a magnetic heading of about 110°. The debris area was on a slope that varied between 30° and 50° with the lowest debris located consisting of main rotor blade spars. The initial tree impact was about 200 ft in elevation below where the main wreckage came to rest, and those tree strikes were located about 40 ft the tree.
A majority of the helicopter was consumed by postimpact fire. Part of the tail rotor gearbox was impact-separated and was found near the tail section of the helicopter, both about 60 ft below the main wreckage. Both of the tail rotor control cables were found in the main wreckage and exhibited fire damage. A portion of one tail rotor control cable remained attached to the tail rotor control in the tail. The fuselage was unrecognizable and destroyed by postaccident fire. The main rotor head was found about 10 ft below the engines in the main wreckage. The main gearbox magnesium housing was entirely consumed by postaccident fire. The primary and multifunction flight displays were found in the burned portion of the wreckage and exhibited fire damage.
Both engines remained encased by the nacelle, came to rest inverted, and were damaged by postaccident fire. Both engine external and internal surfaces exhibited varying degrees of ash and soot accumulation. The left engine inlet case had been consumed by fire. A borescope examination of the 1st-stage high-pressure compressor (HPC) rotor showed all airfoils intact and full length, with no apparent deformation. Viewing through the exhaust duct confirmed that the T6 temperature-indicating probes remained intact. The 2nd-stage power turbine (PT) blades were also observed to be full length with no obvious damage. 
The right engine upper section of the reduction gearbox was perforated, exposing the internal gear system. A borescope examination of the 1st-stage HPC rotor showed all airfoils intact and full length, with no apparent deformation. Viewing through the exhaust duct confirmed that the T6 temperature-indicating probes remained intact. The 2nd-stage PT blades were also observed to be full length with no obvious damage.
The helicopter’s cockpit voice recorder/flight data recorder combination unit, along with two other devices with the capability of recording data in nonvolatile memory, were recovered and sent to the NTSB Vehicle Recorders Laboratory for data extraction and download.
The helicopter was retained for further examination.",,,,"07/23/26 18:00:30","diad"
"20260713203373",1,"On July 12, 2026, about 1909 eastern daylight time, a Cessna 182J, N43TB, was destroyed when it was involved in an accident near Piseco, New York. The pilot was fatally injured. The airplane was operated as a Title 14 Code of Federal Regulations Part 91 personal flight.
According to a witness who lived near the Piseco Airport (K09), Piseco, New York, he was driving his truck down the road that paralleled the runway. He heard a very loud noise and turned to observe an airplane climbing from the runway before it banked to the left and impacted a tree line. 
Airport security video showed the airplane approaching runway 22, bounce, and start to porpoise. It bounced three times before it climbed and banked to the left. The airplane then disappeared from the video frame. Another security camera on airport property showed the airplane in a steep left bank angle before it impacted trees. 
The accident site was compact, and all major components of the airplane were identified. The wreckage was located in dense woods abeam the midfield point of the runway and had been consumed by fire. It came to rest inverted, oriented on a 210° magnetic heading, and was about 200 yards to the left of the centerline. 
The pilot held a private pilot certificate with ratings for airplane single-engine land, airplane single-engine sea. He reported a total flight experience of 1,020 hours on an application for an FAA third-class medical certificate, dated April 12, 2016. He had been approved for BasicMed since 2018. 
The airplane was manufactured in 1966 and powered by a Continental IO-470, 230-hp engine, driving a two-blade McCauley constant-speed propeller. The airplane was operated in Alaska for several years and was modified with the WREN 460 STOL conversion. According to the manufacturer of the modification, the airplane’s main spar was upgraded to a heavier spar that supported the newer flap system. It also included a new aileron system, a new stabilator system, and added a canard to the forward cowling just behind the propeller. The modification also added five feathering drag plates on the top of each wing to assist in turning the airplane at slow speeds. According to FAA aircraft registration records, the pilot purchased the airplane on February 20, 2026.",,,,"07/23/26 18:00:42","diad"
"20260714203380",1,"On July 13, 2026, about 2236 eastern daylight time, a Smith Aerostar 601P, N800AA was destroyed when it was involved in an accident near Lake Clear, New York. The private pilot and two passengers were fatally injured. The airplane was operated as a Title 14 Code of Federal Regulations Part 91 personal flight.

According to preliminary information from the FAA, the airplane was based at Monmouth Executive Airport (BLM), Belmar, New Jersey. Earlier on the night of the accident, the pilot flew uneventfully from BLM to Adirondack Regional Airport (SLK), Saranac Lake, New York. He intended to pick up two family members and return to BLM the same evening. FAA ADS-B data were available for the inbound flight; however, the airplane did not gain enough altitude on the outbound flight for FAA ADS-B data to be recorded.

SLK was located at 1,662 ft above mean sea level (msl) and runway 23 was 6,573 ft-long. Review of third-party commercial surveillance data revealed that the accident flight departed runway 23, at 2235:45. The last target was recorded 46 seconds later, at 2236:31, indicating a location about 1 mile from the departure end of the runway. The data also indicated that the airplane reached a maximum height of about 125 ft above ground level (agl), before descending and leveling off at 75 ft agl for the last five recorded targets, spanning 12 seconds. During that time, the groundspeed increased from 151 knots to 169 knots. 

Review of home security video near the accident site revealed an engine sound at 2236, followed by the sound of collision with trees. The wreckage was located about 4 hours later by first responders, and a postimpact fire had consumed a majority of the airplane. 

A debris path was observed in a nearby forest, beginning with a section of right wingtip, located about 1-mile beyond the departure end of runway 23. The debris path extended on a 230° magnetic course for about 1/2 mile, to the main wreckage. Severed trees, a section of right flap, and a small section of lower empennage were also located along the debris path. The wreckage came to rest flat and upright, oriented on a magnetic heading of 180°, at an elevation about 1,668 ft msl. 

All major components of the airplane were identified. Both engines were located near the main wreckage and both propellers remained attached to their respective engine. The empennage was located next to the left engine, and sections of both wings were identified near the main wreckage. The cockpit and cabin were consumed by fire. 

The pilot held a private pilot certificate with ratings for airplane single engine land, airplane single-engine sea, airplane multiengine land, instrument airplane, and rotorcraft helicopter. He reported a total flight experience of 1,025 hours on an application for an FAA third-class medical certificate, dated December 17, 2025. The pilot obtained an instrument rating on October 3, 2024. At that time, he reported a total flight experience of 890 hours; of which, 102 hours were at night. 

The airplane was manufactured in 1976 and powered by two Lycoming IO-540, 290-hp engines, each driving a three-blade Hartzell constant speed propeller. The airplane’s most recent annual inspection was completed on February 2, 2026. At that time, the airframe had accumulated 4,094 total hours of operation. The left engine had accumulated 79 hours since major overhaul (SMOH) and the right engine had accumulated 780 hours SMOH. 

Review of FAA Terminal Procedures, takeoff minimums for runway 23 at SLK, revealed instructions to climb 316 ft for every 1 nautical mile traveled, to ensure obstacle clearance, or perform a visual climb over the airport to 2,500 ft msl. 

The wreckage was retained for further examination. Additionally, a copy of the home security video was forwarded to the NTSB Vehicle Recorders Laboratory for sound spectrum study.",,,,"07/23/26 18:00:54","diad"
"20260715203393",1,"On July 12, 2026, at 1018 mountain standard time, a Remos GX airplane, N126GX, was substantially damaged when it was involved in an accident near Glendale, Arizona. The flight instructor and student pilot were uninjured. The airplane was operated as a Title 14 Code of Federal Regulations Part 91 instructional flight.
According to the flight instructor, the student pilot was practicing landings at Glendale Regional Airport (GEU), Glendale, Arizona. The student performed a go around and, during the initial climb, he stated that the airplane’s pitch control was “delayed.” After taking the flight controls the instructor observed that the airplane did not respond to pitch control inputs. 
The flight instructor was able to maneuver the airplane using the ailerons, rudder, full nose up pitch trim, and engine power. During the final approach to runway 01, the airplane lost altitude and impacted terrain, resulting in substantial damage to the airplane’s fuselage.  
Examination of the airplane revealed that the rear elevator control rod had fractured about three inches forward of the elevator quick disconnect. (See figure 1.)

Figure 1: The separation in the rear elevator control rod, circled in yellow. 

According to maintenance records, the rear elevator control rod had been installed in December 2025 and had accrued 445 hours in service.

The airplane wreckage was retained for further examination.",,,,"07/23/26 18:01:04","stes-i"
"20260529203075",1,"On May 22, 2026, about 1840 central daylight time, a Piper PA-32R-300 airplane, N4556Q, was substantially damaged during an accident near Comanche, Texas. The pilot and passenger were not injured. The airplane was operated as a Title 14 Code of Federal Regulations Part 91 business flight.

The pilot reported that the airplane fuel system contained about 94 gallons of fuel before the flight and there were no issues with engine operation during a before takeoff engine runup. The pilot stated that the airplane was configured for takeoff with wing flaps at 25°, the fuel selector positioned to the left tank, and the auxiliary fuel pump turned on. The takeoff was conducted on runway 17. 

After an uneventful takeoff roll and liftoff, the pilot established a positive rate climb, retracted the landing gear, and retracted the wing flaps. The pilot was about to enter a left turn to west when the airplane had a sudden reduction in engine power. The pilot immediately turned left to enter a left traffic pattern for runway 17 as he verified that the engine throttle was full forward, the mixture control was full rich, the auxiliary fuel pump was on, and he selected the right fuel tank. The airplane was unable to maintain altitude and eventually there was a total loss of engine power. 

The pilot conducted a forced landing in a field on a heading of north. The pilot was able to extend the landing gear and wing flaps before landing in the field, but the airplane struck a barbed-wire fence and descended a hill. The airplane sustained substantial damage to both wings and the empennage during the accident.

The airplane wreckage was recovered to a secure location where an examination will be conducted.",,,,"07/24/26 18:00:09","kaij"
"20260622203216",1,"On June 20, 2026 at 1030 eastern daylight time, a Cessna 182S, N7270H, was substantially damaged when it was involved in an accident near Naples, Florida. The pilot and three passengers were uninjured. The airplane was operated as a Title 14 Code of Federal Regulations Part 91 personal flight.
The pilot reported that he planned to take three friends on a cross-country flight from Wing South Airport (FA37), Naples, Florida to Marathon International Airport (MTH), Marathon, Florida. He also reported it was his first flight of the day. Upon arrival at the departure airport, he conducted a preflight inspection of the airplane and did not find anything concerning. He reported that he received a weather briefing from flight service the night before the flight, then received an updated briefing the following morning. He remarked that it had been “hot that day” and that there were wet conditions at the airport. After the passengers boarded, he started the engine and taxied to runway 18 at FA37. Before departure, he conducted an engine runup and noted that all systems were operating normally. The pilot stated that he then conducted a normal takeoff, with the wing flaps retracted.  
The pilot reported that during the takeoff roll he observed normal engine indications on the tachometer, manifold pressure, and other engine gauges. He stated that he rotated the airplane at 70 to 75 knots, and that “upon liftoff, the aircraft felt sluggish, and the stall warning horn activated.” The pilot felt that the airplane was not producing sufficient power to climb, but stated “there were no abnormal sounds or instrument indications.” He then lowered the nose to accelerate. A review of airport security camera footage showed that the airplane about came into view when it was about 1,800 ft from the approach end of runway 18, airborne and aligned with runway. The airplane remained at a low altitude above the runway and eventually exited the frame of the security camera. 
The pilot then determined he did not have adequate airspeed to climb and decided to abort the takeoff. He landed on the remaining runway, and estimated there was 100 to 200 ft of runway remaining after he had touched down. The pilot stated the runway was damp and he did not apply heavy braking as he was concerned the wheels could lock up. The airplane then exited the runway onto grass on the departure end of runway 18. The pilot noticed an approaching concrete wall and decided to turn to the right. He then struck the concrete wall with airplane’s left wing.  
Post-accident examination of the airplane by an FAA inspector revealed substantial damage to the airplane’s left wing. Fuel was found in both wings and at the fuel strainer. The fuel was clear and blue, without any visible contaminants. 
The airplane’s engine was recovered and retained for further examination.",,,,"07/24/26 18:00:12","diad"
"20260624203236",1,"On June 15, 2026, about 0810 eastern daylight time, a Cessna 402C, N499CA, was substantially damaged when it was involved in an accident at Provincetown Municipal Airport (PVC), Provincetown, Massachusetts. The airplane transport pilot (pilot flying) and commercial pilot (pilot monitoring) were not injured, while one passenger sustained serious injuries. The airplane was operated as a Title 14?Code of Federal Regulations Part 135, scheduled commuter flight.

The pilot flying (PF) stated that the reported weather at the destination airport of PVC prior to departure was 5 statute miles visibility and an overcast ceiling of 200 ft, while the forecast weather of a nearby airport indicated a visibility of 3 statute miles and an overcast ceiling of 300 ft. The departure and en route portions of the flight to PVC were uneventful. After leveling at 3,000 ft msl, the flight crew obtained the current weather for PVC, which included a wind from 190° at 8 knots, a visibility of 5 statute miles, and an overcast ceiling at 200 ft agl. Because of the ceiling, the PF chose to execute an instrument landing system (ILS) approach to runway 07, which would have resulted in a tailwind component less than 3 knots, and was within the operator’s limitations. The flight was provided with radar vectored by air traffic control for the ILS runway 07 approach. The localizer and glideslope capture occurred at PHONY intersection while the airplane was flying at an altitude about 2,000 ft msl. At that time the airplane configured for landing with a flap setting of 15°. During the subsequent descent, the PF disconnected the autopilot and extended the flaps to 30° to further reduce airspeed, then extended the flaps to 45° once the airplane had reached about 600 ft. At decision height, he visually acquired the approach end of runway 07 and continued the landing approach.

The PF stated that during the visual portion of the landing approach, the airplane was slightly above the desired glide path and was drifting to left of the runway centerline. The PF reduced engine power earlier than usual, resulting in a rapid increase in descent rate, and the last airspeed he recalled observing was 100 knots. 

The pilot monitoring (PM) reported that the PF seemed to, “over flare, causing us to float.” The airplane floated past the runway aiming point markings, then when approaching the mid-point of the 3,502-ft-long, wet runway, the PM called aloud for a go-around, but he was not sure if the PF heard him. The PF continued the landing, reporting the touchdown was farther along the runway than planned. After touchdown, the PF braked more aggressively than normal. As the airplane approached the departure end of the runway, the PF recognized that the airplane’s speed was still excessive, so he attempted to exit the runway via the taxiway off the left side of the runway at the end. The PM reported that he yelled “don’t” and within a second the PF corrected back. The airplane then departed the end of the runway, the right main landing gear collapsed, and the airplane came to rest upright in grass. After coming to a complete stop, the PF secured the airplane and initiated an emergency evacuation of the passenger. Airport and local emergency response personnel arrived shortly thereafter.",,,,"07/24/26 18:00:13","diad"
"20260708203355",1,"On July 7, 2026, about 1200 Pacific daylight time, a Luscombe 8A, N45886, was substantially damaged when it was involved in an accident near Novato, California. The pilot and passenger were not injured. The airplane was operated as a Title 14 Code of Federal Regulations Part 91 personal flight. 
While conducting touch-and-go takeoff and landings on runway 31 at Gnoss Field (DVO), Novato, California, the engine experienced a partial loss of power during the departure climb about 600 ft above ground level. As the pilot attempted to return to the departure runway, he applied carburetor heat and the engine briefly regained power before experiencing a total loss of power. The pilot then moved the fuel selector from the wing tanks to the fuselage tank; however, he was unable to restart the engine.
Subsequently, the airplane touched down in an area of soft gravel about 10 ft short of  runway 13, and the left main landing gear collapsed. The airplane slid about 20 ft before it came to rest upright.  Post accident examination of the airplane revealed that both wings sustained substantial damage. 
The airplane was recovered for further examination.",,,,"07/24/26 18:00:16","cawj"
"20260630203293",1,"On June 29, 2026, about 1945 eastern daylight time (EDT), a Diamond Aircraft Industries Inc. DA40 NG airplane, N602RF, was substantially damaged when it was involved in an accident near Petersburg, Virginia. The flight instructor sustained serious injuries, and the student pilot sustained minor injuries. The airplane was operated as a Title 14 Code of Federal Regulations Part 91 instructional flight.
The flight instructor reported that during the initial climb following a go-around on Runway 05 at Dinwiddie County Airport (PTB), the occupants heard a loud bang near midfield, followed by a reduction in engine power. The flight instructor assumed control of the airplane and observed that engine power decreased to below about 40%, resulting in a loss of expected climb performance; the engine continued to produce partial power. The airplane was unable to achieve sufficient climb performance to clear obstacles beyond the departure end of the runway environment. While assessing available areas for a forced landing, the flight instructor maneuvered the airplane, which resulted in activation of the stall warning horn. The flight instructor discontinued the turn and secured the engine by moving the fuel selector to the off position before the airplane impacted treetops.
The airplane came to rest inverted in a densely wooded area about 1 mile northeast of the departure end of Runway 05, which resulted in substantial damage to the fuselage, wings, and empennage.
A data card from the avionics installed in the airplane was retained and forwarded to the NTSB Recorders Laboratory for flight and engine data extraction.
The wreckage has been recovered to a secure facility for further examination.",,,,"07/28/26 18:00:02","rasm"
"20260710203364",1,"On July 9, 2026, at about 2248 central daylight time, a Beech 95-B55, N202DK, was destroyed when it was involved in an accident near Waterloo, Illinois. The pilot and pilot rated passenger were fatally injured. The airplane was operated as a Title 14 Code of Federal Regulations Part 91 personal flight. 

Family of the pilot reported that he had departed St. Louis Regional Airport (ALN) Alton/St. Louis, Illinois, on July 9 with an intended destination of Smith Field Airport (SLG), Siloam Springs, Arkansas. A family member, who was monitoring the airplane’s progress on a flight tracking application, saw the airplane stopped transmitting position data partway through the flight. The family member became concerned that the airplane may have crashed and subsequently notified local law enforcement. The FAA issued an Alert Notice (ALNOT) shortly after. The wreckage was located by Search and Rescue personnel the morning of July 10. There are no known witnesses to the accident sequence. Local law enforcement reported that on the night of the accident, the area experienced a significant storm with heavy rain, lightning, strong wind, and low visibility.

Recorded ADS-B data showed that at 2226:06, the airplane departed from ALN on a southeast heading and climbed to altitude of about 3,800 ft mean sea level (msl). At 2238:28 the flight track data showed the airplane made a right turn to a southern heading and climbed to an altitude of about 5,000 ft msl. At 2240:54 the airplane made a right turn to a southwest heading and maintained an altitude of about 5,000 ft msl. At 2246:08 the airplane made a right turn to a western heading and descended to an altitude of about 4,500 ft msl. At 2247:41 the airplane made a left turn to the south and descended to about 4,100 ft msl. At 2247:57, while on a southern heading, the airplane climbed to an altitude of about 5,600 ft msl and its ground speed slowed to about 22 knots. At 2248:13, the data showed that the airplane initiated a descent, which continued until ADS-B contact was lost about 1,000 ft northwest of the accident site at 2248:40.


Figure 1: ADS-B flight track.
Examination of the accident site revealed that airplane’s wreckage came to rest in a field bisected by a line of trees about 4 miles southeast of Waterloo, Illinois. The tree line was orientated in a north / south direction and was about 30 ft wide with tree heights between 45 and 60 ft. The first identifiable point of contact (FIPC) was a ground scar that was about 8 ft in length and 30 ft in width. The debris path was oriented on a true heading of about 130° and was about 330 ft in length. The debris path extended through the tree line into an open grass field adjacent to the FIPC. The main wreckage was located about 50 ft from the FIPC within the tree line. Throughout the debris path, various portions of wing fragments, fuselage fragments, left engine, propeller blades, propeller hub fragments, and ailerons were observed. Additionally, several trees were damaged throughout the debris path. All major structural components of the airplane were located at the accident site. 
The wreckage was recovered to a secure location for further examination.",,,,"07/28/26 18:00:06","cawj"
"20260713203376",1,"On July 13, 2026, about 1114 eastern daylight time, a Beechcraft 95-B55, twin-engine airplane, N55FD, was destroyed when it was involved in an accident near Metter, Georgia. The commercial pilot was fatally injured. The airplane was operated as a Title 14 Code of Federal Regulations Part 91 personal flight.
Surveillance video provided by the John Edwin Jones Sr Field/Metter Municipal Airport (MHP), Metter, Georgia, showed that the accident airplane taxied to the self-serve fuel tank after which both engines were shut down. The pilot then refueled the airplane from the 100LL self-service system. Refueling records obtained from the MHP airport management showed the pilot purchased 114.42 gallons of 100LL aviation gasoline. A surveillance video was obtained from an automotive gas station that abutted the airport property to the east. The video showed the pilot taxing before he departed from runway 28 at 1112.
Preliminary ADS-B data from a commercial data provider captured 4 data points after the airplane departed from MHP. The first was at 1112:54 and showed a ground speed of 89 knots at an altitude of 300 feet mean sea level (msl). The second data point was 1113:10 and showed a ground speed of 83 knots at an altitude of 400 feet msl. The third data point was 1113:26 and showed a ground speed of 82 knots at an altitude of 400 feet msl. The fourth and final data point was 1113:42 and showed a ground speed of 85 knots at an altitude of 400 feet msl. The accident site was located about 1,600 feet and 107° from the last ADS-B data point. The data showed that the airplane was airborne for about 1 minute and 50 seconds.
A pilot-rated witness observed the airplane’s departure from MHP. According to the witness, during the departure, he was concerned about a sound coming from the accident airplane during the takeoff roll. He described the sound as “choppy” and said he was concerned about the airplane’s longer than normal takeoff roll and the shallow climb. The witness did not observe the accident.
The accident site was approximately 1.3 miles southwest of MHP. The first identified impact point was in a tree approximately 30 ft above the ground. The second identified impact point was a larger tree that was broken at approximately 15 ft above the ground. The primary wreckage site was approximately 30 ft from the initial impact point, on a heading of 23° (true). The angle between the primary wreckage and the initial impact point on the tree was about 50°, consistent with a steep descent into terrain.
The airplane came to rest upright on a heading of 198° (true) and had been mostly consumed by a post-impact fire. All of the airplane's primary components were located at the primary wreckage site. Several pieces of wood with 45° cuts consistent with propeller strikes were found within the accident site.
Postaccident examination revealed that the airframe sustained substantial damage to the fuselage, both wings, and the empennage. The majority of the fuselage and the right wing had been consumed by a postimpact fire, while the left wing root was partially consumed by the fire. The nose cone had significant thermal damage, and there were no signs of aft crushing of the nose cone. The trailing edge of the left wing had impacted a tree at the accident site. The left wing tip displayed two indentations of the leading edge; however, there was no observed aft crushing damage to the rest of the leading edge. The right wing had been mostly consumed by the postimpact fire and the leading edge displayed crushing damage. The empennage remained partially attached to the fuselage and had some thermal damage; however, it remained mostly intact. The vertical stabilizer and rudder remained intact, and the vertical stabilizer displayed thermal discoloration and some melting of the plastic and rubber portions of the stabilizer. The right horizontal stabilizer and elevator exhibited upward bending deformation at their ends. The left horizontal stabilizer and elevator were relatively undamaged. 
Flight control continuity was established for the aileron, elevator, and rudder through breaks that were consistent with either the observed thermal damage or impact damage. All the control cables were continuous from their ends in the cockpit to their ends at their respective flight control bellcranks.
The left propeller remained attached to the crankshaft and displayed impact damage signatures. Both propeller blades were relatively straight, and there were no observed chordwise scratches or gouging. The right propeller remained attached to the crankshaft and displayed impact damage signatures. Both of the blades remained within the propeller hub. One propeller blade displayed significant S-bending deformation, twisting deformation, and polishing of the blade faces, as well as chordwise scratches. The other propeller blade displayed a small amount of twisting deformation near the blade tip as well as some polishing of the blade tip. 
The left engine remained partially attached to the airframe engine truss; however, the truss had separated from the rest of the airframe. The engine exhibited impact-damage signatures, with most of the damage occurring to the rear accessories and the forward-right side of the engine. A large piece of wood, consistent with one of the impacted trees, was wedged into the cowling right air inlet. The crankcase remained intact and was undamaged. The top, No. 6 cylinder through bolt was dislodged, and the bolt was extended about an inch from the cylinder flange. The crankshaft propeller flange remained attached to the rest of the crankshaft, and there were no visible cracks observed in the flange. All six cylinders remained attached to the crankcase and exhibited impact damage signatures, with the most damaged cylinder being the No. 5 cylinder. The top spark plugs were removed, and the cylinders were examined utilizing a lighted borescope. Examination of the No. 2 cylinder revealed that the piston had released from the piston pin and had broken up into multiple small pieces. Small portions of the piston and piston rings remained in the cylinder, and the piston pin remained attached to the connecting rod. Inspection of the No. 4 and No. 6 cylinders with a borescope showed small impact marks in the valve heads and pistons consistent with foreign object damage. The No. 1, No. 3 and the No. 5 cylinders displayed normal operating and combustion signatures. 
The oil pump was disassembled, and the gears contained a significant amount of metallic particles in the gears and the oil pump housing displayed scoring consistent with hard particle passage. The oil filter remained attached to the oil filter adapter; however, the adapter had impact separated from the oil pump assembly. The oil filter housing was cut open, and the filter pleats were visually inspected. The filter pleats contained a significant amount of metallic material within the pleats. 
The right engine remained partially attached to the airframe through the engine truss, cables, wires, and hoses. The engine displayed impact damage signatures concentrated to the bottom of the engine and displayed significant thermal damage to the rear of the engine. The crankcase remained intact, and there were no signs of a catastrophic internal engine failure. The crankshaft was rotated manually, and continuity was established between the crankshaft, camshaft, connecting rods and associated components. All six cylinders remained attached to their cylinder bays and displayed varying degrees of thermal-damage signatures. The top spark plugs and rocker box covers were removed from the cylinders. The cylinders were examined using a lighted borescope. The cylinder walls, piston faces, and valve heads displayed normal operating and combustion signatures. During crankshaft rotation, all of the cylinders exhibited thumb compression and suction, and all of the overhead components (rocker arms, springs, and valves) operated normally. The overhead components displayed normal operating and lubrication signatures. 
The oil filter remained attached to the oil filter adapter and displayed significant thermal damage. The filter was removed, and the housing was cut open. The filter pleats were thermally damaged; however, no metallic material was observed within them.
The wreckage was recovered and retained for further examination.",,,,"07/28/26 18:00:08","diad"
"20140909X92814",1,"On September 9, 2014, about 1000 mountain standard time, an Ayres S2R-T34 airplane, N3097F, was substantially damaged during an off-airport emergency landing, following a loss of engine power during the takeoff initial climb from a private agricultural airstrip, about 30 miles west of Buckeye, Arizona. The commercial pilot was not injured. The airplane was registered to and operated by Farm AG Enterprises, as a Title 14 Code of Federal Regulations Part 137 aerial application flight. Visual meteorological conditions prevailed at the time of the accident and no flight plan was filed for the local flight that was originating at the time. 

During a telephone conversation with the National Transportation Safety Board (NTSB) investigator-in-charge (IIC), a company representative reported that the pilot had flown the airplane for about 2-3 hours that morning, and no problems with the airplane had been reported. He said the pilot told him that during the accident takeoff, all systems were normal as the airplane lifted off the ground. Upon reaching about 30 ft above the ground, the engine's rpm dropped as though someone had pulled the power lever to idle. The pilot flew the airplane straight ahead, and it descended into a field. 

During the off-airport landing, the airplane sustained structural damage to the wings and fuselage.

During a post-accident examination of the airplane by a Federal Aviation Administration (FAA) air safety inspector no mechanical anomalies were found. Fuel samples were taken from the airplane and the operator's fuel supply tank and sent to an independent laboratory for testing. 

According to the laboratory director, the fuel samples taken from both the airplane's fuel system and the operator's supply tank were essentially water, and there was insufficient fuel in the samples to test. 

The operator/pilot did not submit the NTSB Pilot/Operator Aircraft Accident/Incident Form (NTSB 6120.1) to the NTSB.","The operator reported that the commercial pilot had conducted agricultural flights in the airplane for about 2 to 3 hours earlier on the morning of the accident without problems. During the initial climb for the accident flight, about 30 ft above ground level, the engine lost partial power. Subsequently, the pilot conducted an emergency landing straight ahead, and the airplane descended and impacted a field, during which the wings and fuselage were substantially damaged.

Postaccident examination of the airplane revealed no evidence of any preimpact mechanical malfunctions or failures that would have precluded normal operation. Fuel samples were taken from the fuel tanks and the operator's fuel supply tank. Testing of the samples revealed that the fuel from both the airplane's fuel tanks and the operator's supply tank were essentially water. It is likely that the loss of engine power was due to water contamination of the fuel.","A partial loss of engine power due to water contamination of the fuel. 


",,"07/29/26 15:47:51","dobn"
"20170724X61747",1,"On July 23, 2017, about 2230 central daylight time, a Beech G35, N4216D, was substantially damaged when it struck an irrigation canal off the end of runway 13 at Wichita Valley Airport (F14), Wichita Falls, Texas. Visual meteorological conditions prevailed at the time of the accident.  The personal flight was being conducted under the provisions of Title 14 Code of Federal Regulations Part 91 without a flight plan.  The pilot, the sole occupant aboard, was seriously injured.  The local flight originated from Grand Prairie (GPM), Texas, about 2130.According to the pilot's accident report, he departed GPM about 2130, and received flight following and a clearance into Class B airspace. The flight proceeded normally until he entered the downwind leg for runway 13 at F14. He noted scattered thunderstorms ahead. On final approach, he thought the airplane was too high and he considered making a go-around. He felt strong downdraft and encountered heavy rain and turbulence. He also observed several lightning strikes ahead.

The pilot made the decision to land and risk running off the end of the runway rather than possibly entering the thunderstorm. The pilot said he did not realize there were 6-foot tall berms on either side of a drainage ditch 50 to 60 feet from the end of the runway because of the tall weeds obscured them. There was also standing water on the second half of the runway. The airplane went off the end of the runway and struck the first berm. The impact rendered the pilot unconscious. When he regained consciousness minutes later, the airplane was in a drainage ditch and water had filled the cockpit. He remained in the airplane until daylight, extricated himself, and walked to a nearby house where he called 9-1-1.

Federal Aviation Administration (FAA) inspectors examined the airplane and reported finding substantial damage to the forward fuselage and firewall.

Weather observations recorded at Sheppard Air Force Base/Wichita Falls Municipal Airport (SPS), located 7 miles to the east of F14, reported winds varying from 060° to 360° at 16 to 20 knots, and gusting from 21 to 29 knots, with a peak wind at 35 knots. There was a thunderstorm in the vicinity, with lightning observed in all quadrants.","The airline transport pilot stated that the cross-country personal flight proceeded normally until he entered the downwind leg for landing. During the landing approach in dark night conditions, he noted scattered thunderstorms ahead. During the final approach, he thought the airplane was too high, and he considered conducting a go-around. The airplane encountered a strong downdraft, heavy rain, and turbulence, and the pilot saw several lightning strikes ahead. The pilot decided to land and risk overrunning the runway rather than possibly entering the thunderstorm. Upon landing, the airplane overran the end of the runway, the second half of which had standing water on it, and then struck a berm. 

An automated weather observation facility 7 miles east of the accident site reported, at the time of the accident, variable winds from between 060° and 360° at between 16 and 20 knots, gusting to between 21 and 29 knots with a peak wind of 35 knots. A thunderstorm was present near the airport with lightning observed in all quadrants.","The flight's encounter with adverse weather conditions at night, which resulted in the pilot's loss of airplane control upon landing due to standing water and a subsequent runway overrun.

",,"07/29/26 15:57:36","dobn"
"20081004X12058",1,"The airplane had recently been purchased by the pilot and was being flown to his hometown airport. During the flight, the airplane's engine lost power and the pilot executed a forced landing in a rolling hay field which resulted in the airplane sustaining substantial damage. Examination of the airplane revealed that the fuel tank had ruptured during the impact, however, further examination revealed no fuel remaining in the fuel lines or in the carburetor bowl. The pilot was issued a student pilot certificate and third class medical certificate on June 12, 2002. Federal Aviation Administration (FAA) records showed no further pilot or medical certificates issued to the pilot. The airplane was not registered and did not have an airworthiness certificate issued by the FAA. According to published data, a typical airplane of the same model has an empty weight of 325 pounds. The maximum legal empty weight limit for ultralight airplanes is 254 pounds. The pilot reported that he was unaware that the airplane was not an ultralight until after he had purchased it. He reported that ""the people at the field told me I could fly 60 min[utes] plus 1 gal[lon]. It didn't.""","The airplane had recently been purchased by the pilot and was being flown to his hometown airport. During the flight, the airplane's engine lost power and the pilot executed a forced landing in a rolling hay field which resulted in the airplane sustaining substantial damage. Examination of the airplane revealed that the fuel tank had ruptured during the impact, however, further examination revealed no fuel remaining in the fuel lines or in the carburetor bowl. The pilot was issued a student pilot certificate and third class medical certificate on June 12, 2002. Federal Aviation Administration (FAA) records showed no further pilot or medical certificates issued to the pilot. The airplane was not registered and did not have an airworthiness certificate issued by the FAA. According to published data, a typical airplane of the same model has an empty weight of 325 pounds. The maximum legal empty weight limit for ultralight airplanes is 254 pounds. The pilot reported that he was unaware that the airplane was not an ultralight until after he had purchased it. He reported that ""the people at the field told me I could fly 60 min[utes] plus 1 gal[lon]. It didn't.""","The pilot's failure to properly manage the fuel supply of the airplane which resulted in fuel exhaustion. Contributing to the accident was the hilly terrain encountered during the subsequent forced landing.",,"07/29/26 16:50:28","dobn"
"20080226X00236",1,"The pilot reported that he was spraying fields at night, and prior to the accident he had just completed spraying a field. During the transition climb out to the second field, the helicopter struck high tension electrical wires.  He felt the impact and knew that he was going to crash.  The pilot reported the helicopter was out of control and he was momentarily blinded by the flash from the electrical wires.  He regained his eyesight and noted that the helicopter was rolling to the right and flying in a curved direction.  After about 2 or 3 seconds, the helicopter impacted the ground.  After impact, the pilot unbuckled his seatbelt and exited the helicopter.  He reported that the engine was still running and he continued to experience some blindness.  The pilot walked a few steps away from the helicopter before his regained his vision. He looked back at the helicopter to make sure there was no fire, and went back to it, and shut it down.

The pilot stated that there were no mechanical problems with the helicopter.  

The National Transportation Safety Board investigator-in-charge interviewed the pilot, he stated that he had been spraying in this area for years and was aware of the power lines in the area.","The pilot was spraying fields at night.  He had just completed spraying a field and was climbing out to move to a second field when the helicopter collided with unmarked high tension electrical wires.  He felt the impact and was momentarily blinded by the bright electrical flash. The pilot reported that the helicopter was out of control and after about 2 or 3 seconds, the helicopter impacted the ground.  After impact, he unbuckled his seatbelt and exited the helicopter.  He reported that the engine was still running and he continued to experience some blindness.  The pilot walked a few steps away from the helicopter before his regained his vision.  He looked back at the helicopter to make sure there was no fire, and then went back to it, and shut it down.  The pilot stated that there were no preimpact mechanical problems with the helicopter.  The pilot said he had been spraying in this area for years and was aware of the general location of the power lines in the area.","The pilot's failure to maintain clearance from obstacles.  A factor in the accident was the dark night conditions.",,"07/29/26 17:48:33","dobn"
"20080904X01380",1,"According to the pilot of the Aeronca 7AC, he had been giving airplane rides all day. He flew around mountain ridges and would swoop down over a cornfield. Regarding the accident flight, he stated, ""I guess I just wasn't paying attention and hit the trees."" The pilot was asked if the airplane had experienced any problems. The pilot stated no, the airplane was running fine, and he ""just messed up and didn't realize how close I was to the trees, I was looking at the cornfield, you know, lining up with it and just didn't see the trees, I had flown that same route all day and guess I just got sloppy.""","The pilot reported that he had been giving airplane rides all day. He flew around mountain ridges and would swoop down over a cornfield. Regarding the accident flight, he stated, ""I guess I just wasn't paying attention and hit the trees."" The pilot was asked if the airplane had experienced any problems. The pilot stated no, the airplane was running fine, and he ""just messed up and didn't realize how close I was to the trees, I was looking at the cornfield, you know, lining up with it and just didn't see the trees, I had flown that same route all day and guess I just got sloppy.""","The pilot's failure to maintain clearance from trees while maneuvering.  Contributing to the accident was the low altitude maneuvers.",,"07/29/26 17:56:20","dobn"
"20240430194178",1,"HISTORY OF FLIGHTOn April 30, 2024, at 1418 eastern daylight time, a Zodiac CH-601 HDS airplane, N6271F, was destroyed when it was involved in an accident near Bristol, Indiana. The private pilot and pilot-rated passenger were fatally injured. The airplane was operated as a Title 14 Code of Federal Regulations Part 91 personal flight.
The pilot’s wife reported that the pilot intended to fly his airplane with the pilot-rated passenger to Branch County Memorial Airport (OEB), Coldwater, Michigan, for lunch and then return to Elkhart Municipal Airport (EKM) Elkhart, Indiana, where the airplane was hangared. She stated that this was a very popular flight for the pilot, and he usually returned within three hours.
ADS-B data indicated that the airplane departed EKM at 1152 and landed at OEB at 1225. The return flight departed OEB at 1339 and proceeded southwest at a cruise altitude between 4,200 ft mean sea level (msl) and 4,500 ft msl and a true airspeed of about 80 kts. At 14:15:44, the airplane started a descent and continued west toward EKM. During the next 2 minutes, the true airspeed increased to about 110 kts and the average descent rate was about 600 ft per minute (fpm). At 14:17:57, the airspeed increased to about 120 kts, with a descent rate of more than 7,000 fpm. The final data point was recorded at 14:18:05 at an altitude of 1,635 ft msl (870 ft agl), which was 7 nautical miles east of EKM, and about 400 ft east of the accident site. 
A witness, labeled as witness 1 in the figure, stated that the airplane flew directly overhead from the east to the west, then entered a nosedive. The engine sounded like it was “cutting in and out” and was not making a consistent sound as it descended. The airplane impacted the ground and produced a loud boom. At the accident site, there was a strong smell of fuel but there was no smoke or fire. 
Another witness, witness 3 in the figure, stated that she was outside of her house facing southeast when she heard the airplane behind her. She turned around and saw the airplane descending straight down toward the ground. She thought she saw the top of the airplane because she didn’t notice any wheels. She did not see any smoke or fire coming from the airplane. The engine was very loud and continued operating loudly until the impact, which sounded like a loud explosion. The yellow line in the figure is the estimated sight path from her location to where she observed the airplane in a vertical descent.

Figure 1. Google Earth image showing the ADS-B flight track, witness locations, and accident site. PERSONNEL INFORMATIONThe pilot was seated in the left seat and the pilot-rated passenger was seated in the right seat. 
According to the pilot’s flight logbook, he had flown the accident airplane with the pilot-rated passenger at least 9 times since 2016. The pilot’s current flight logbook entries began on January 20, 2016, and ended on October 1, 2023. During that time, the pilot accumulated 447.6 flight hours exclusively in the accident airplane. 
The pilot-rated passenger, who was a flight instructor and airline transport pilot, logged 82.9 flight hours since 2016 according to his flight logbook. Review of the flight logbook showed that the pilot-rated passenger had accumulated 12,344.9 hours total time. On August 15, 2023, he completed a flight review for the accident pilot. 
The investigation was unable to determine who was manipulating the flight controls at the time of the accident. AIRCRAFT INFORMATIONThe airplane was built by the pilot, and the first flight was on July 30, 1997. On July 7, 2022, at 1,695.5 hours total time, he completed a condition inspection on the airplane. On July 7, 2023, at 1,703.4 hours total time, he removed the old dihedral wings and installed square wings. On July 9, 2023, he completed an airframe condition inspection. On August 4, 2023, at 1,712.4 hours total time, the most recent maintenance log entry stated, “have 9 [hours] on new wings.” METEOROLOGICAL INFORMATIONBase reflectivity weather radar imagery from Fort Wayne, Indiana, (KIWX) valid for the period surrounding the accident time, did not reveal any pertinent meteorological echoes across the accident region.
The KIWX wind profile revealed the wind below 7,000 ft remained between 15 and 25 knots from the west to west-northwest.
At 1327, a National Weather Service terminal aerodrome forecast was issued for South Bend International Airport (SBN), South Bend, Indiana, which forecast the following conditions at the accident time: wind from 290° at 11 knots, visibility greater than 6 statute miles and sky clear. AIRPORT INFORMATIONThe airplane was built by the pilot, and the first flight was on July 30, 1997. On July 7, 2022, at 1,695.5 hours total time, he completed a condition inspection on the airplane. On July 7, 2023, at 1,703.4 hours total time, he removed the old dihedral wings and installed square wings. On July 9, 2023, he completed an airframe condition inspection. On August 4, 2023, at 1,712.4 hours total time, the most recent maintenance log entry stated, “have 9 [hours] on new wings.” WRECKAGE AND IMPACT INFORMATIONPostaccident examination revealed that the airplane impacted trees and terrain in a near-vertical attitude, with the left wing low and then nosed over. The left wing exhibited chordwise crushing to the leading edge and the outboard half of the wing was bent aft. The right wing sustained impact damage and hydraulic deformation to the inboard leading edge near the fuel tank consistent with fuel present. The outboard 2 ft of the right wing sustained ground impact damage and was bent aft. The airplane was equipped with a ""Y"" center-mounted elevator and aileron control stick assembly, which remained installed and sustained impact damage. The elevator and rudder control cables were traced from their control surfaces to the cockpit through locations where first responders had cut the fuselage during their extraction efforts. The aileron control cables were continuous from the cockpit to the aileron bellcrank. 
The engine remained partially attached to the firewall and was crushed into the cockpit. The engine sustained significant impact damage to the front and to the rear accessories, but the case and cylinders remained intact. There were no holes in the case or signs of catastrophic failure. The wooden propeller blades were impact-separated at the propeller hub; pieces of the blades were found shattered and dispersed around the accident site. Postaccident examination revealed no preimpact mechanical malfunctions or failures with the airplane that would have precluded normal operation. MEDICAL AND PATHOLOGICAL INFORMATIONPilot
At the request of the Elkhart County Coroner’s Office, the Western Michigan University School of Medicine Medical Examiner and Forensic Services performed the pilot’s autopsy. According to the associated coroner’s report, the pilot’s cause of death was multiple blunt force injuries, and his manner of death was accidental. The pilot’s autopsy identified up to 50% narrowing of the coronary arteries. No further anatomic detail about the coronary artery narrowing was provided in the autopsy report. Moderate plaque was identified in the aorta. The remainder of the autopsy, including visual examination of the heart, did not identify other significant natural disease. Microscopic evaluation of the heart was not performed.
Axis Forensic Toxicology performed toxicological testing of postmortem blood from the pilot. Ethanol was detected at 0.026 g/dL. No other tested-for substances were detected. The FAA Forensic Sciences Laboratory also performed toxicological testing of postmortem specimens from the pilot. Ethanol was detected in cavity blood at 0.011 g/dL and in liver tissue at 0.013 g/hg. Ethanol was not detected in brain tissue. Losartan, metoprolol, and desmethylsildenafil were detected in liver and muscle tissue.
Pilot-rated passenger
At the request of the Elkhart County Coroner’s Office, Western Michigan University School of Medicine Medical Examiner and Forensic Services performed the pilot-rated passenger’s autopsy. According to the associated coroner’s report, the pilot-rated passenger’s cause of death was multiple blunt force injuries, and his manner of death was accident. The pilot-rated passenger’s autopsy identified up to 60% narrowing of the coronary arteries. No further anatomic detail about the coronary artery narrowing was provided in the autopsy report. Moderate plaque was identified in the aorta. The remainder of the autopsy, including visual examination of the heart, did not identify other significant natural disease. Microscopic evaluation of the heart was not performed.
The FAA Forensic Sciences Laboratory performed toxicological testing of postmortem specimens from the pilot-rated passenger. Metformin, glipizide, atorvastatin, metoprolol, lisinopril, hydrochlorothiazide, chlorothiazide, and oxprenolol were detected in liver tissue and urine. Salicylic acid was detected in urine but not in liver tissue. The medications detected are commonly prescribed for treatment of diabetes. ","The private pilot and pilot-rated passenger were returning to their home airport following a personal flight. About 7 miles from the destination airport, the airplane’s airspeed increased, and it entered a steep descent. Witnesses reported that the airplane descended rapidly and impacted a wooded area. Witnesses also reported conflicting observations regarding whether the engine was operating normally. The engine examination did not reveal any preimpact anomalies, and the shattered and widely dispersed wooden propeller blade fragments were consistent with engine power at impact. The airframe examination did not reveal any preimpact mechanical malfunctions or failures that would have precluded normal operation.
Toxicological testing of the pilot identified ethanol at low levels in several of the specimens and was not detected in brain tissue. Based on these results, some or all of the small amount of detected ethanol may have been from postmortem production rather than alcohol consumption, and it is unlikely that ethanol effects contributed to the accident. 
As a result of his heart disease, the pilot was at some increased risk of a sudden impairing or incapacitating cardiac event, such as chest pain, arrhythmia, or heart attack. The autopsy identified no evidence of such an event. However, an acute cardiac event occurring immediately before death may leave no reliable autopsy evidence. Whether the pilot’s heart disease contributed to the accident could not be determined.
Toxicological testing of the pilot-rated passenger identified two oral medications commonly used to treat diabetes. People with medication-treated diabetes are at risk for both abnormally high blood sugar (from diabetes) and abnormally low blood sugar (from medication effects). Short-term effects of high blood sugar may include decreased cognitive performance, including slower information processing speed, decreased executive function and attention. Low blood glucose may cause difficulty concentrating, impaired task performance, and, in extreme cases, diminished consciousness, seizure, and death. The pilot-rated passenger’s postmortem urine glucose concentration is inconsistent with a markedly high antemortem blood glucose; however, it provides no information about whether his blood sugar may have been low. It also is unknown if the pilot-rated passenger had less severe symptoms of diabetes, such as fatigue or blurred vision or chronic complications associated with diabetes, such as vision loss, neuropathy, or kidney disease. 
As a result of his heart disease, the pilot-rated passenger was at some increased risk of a sudden impairing or incapacitating cardiac event, such as chest pain, arrhythmia, or heart attack. The autopsy identified no evidence of such an event. However, such an event does not leave reliable autopsy evidence if it occurs immediately before death. It is unknown what role the pilot-rated passenger had, if any, in aircraft operations and flight safety. Whether the effects of the pilot-rated passenger’s use of metformin and glipizide or his heart disease contributed to the accident cannot be determined.
Although either occupant could have experienced a sudden incapacitating medical event while manipulating the flight controls during the descent, the remaining occupant may have had insufficient time or opportunity to recover the airplane before impact. However, the investigation could not determine which occupant, if either, was manipulating the flight controls at the time of the accident. Therefore, whether either occupant experienced an incapacitating medical event that contributed to the accident could not be determined.","The pilot’s loss of control during the descent for reasons that could not be determined, which resulted in a steep descent into terrain.",,"07/29/26 18:00:02","coln"
"20240515194259",1,"HISTORY OF FLIGHTOn May 14, 2024, about 0720 mountain daylight time, an unregistered Piper PA-18-150 airplane was substantially damaged when it was involved in an accident near Thurlow, Montana. The pilot and passenger were fatally injured. The airplane was operated as a Title 14 Code of Federal Regulations Part 91 other work use flight.
According to the wildlife control officer, and text messages found on the pilot’s cell phone, the pilot and a passenger were conducting aerial management of coyotes on a private ranch. The control officer was positioned on the ground near the hunting area and communicated with the pilot using their cell phones. According to the control officer, the pilot used a hands-free cell phone device connected to the his headset. The control officer also reported that the pilot mentioned that the airplane would be light on fuel.  
According to the control officer’s account, the pilot checked in with him about 0700 and asked where he needed to go. The control officer gave him guidance and watched the airplane as it flew over those areas. The control officer remained in the area for about 20 minutes then left. Phone records show that about 0718 the control officer talked to the pilot. The control officer’s account of what happened next varied but, according to his statement to the sheriff, the control officer was talking on his cell phone to the pilot, who reported that they had killed two coyotes and had seen a third. The control officer explained to the sheriff that he could hear gunshots through the cell phone and then the call dropped. When interviewed, the control officer stated that he heard a shot about 2 minutes after the accident pilot had called him. When asked if the call was dropped or the pilot said goodbye, the control officer stated that the pilot stated, “I’ll call you back.” About 1003, the control officer sent a text message to the pilot, “Hope all is well lost contact with you.”
No witnesses to the accident came forward and no video of the accident was recovered. According to an employee of the private ranch, he was returning from an appointment when he saw the airplane on the ground. He drove to the site, discovered the two occupants, and called the sheriff’s department. The Rosebud County Command Log noted that the call came in at 16:28:22. Figure 1 is a photograph of the airplane at the accident site. 

Figure 1. The accident airplane at the accident site.
A hand-held GPS device was recovered from the wreckage and the data was downloaded. This data included the entire accident flight track, including altitude and ground speed. GPS data showed the airplane departed a private residence about 15 miles east of the accident site. For most of the flight the pilot remained at low altitudes and maintained about 60 to 70 kts ground speed while maneuvering across an area of about 3.5 miles by 3.0 miles. On three occasions the airplane made circling maneuvers (see figure 2). During each of the three circling maneuvers, the ground speed occasionally decreased to about 36 kts.

Figure 2. Google Earth image with GPS overlay showing the predator search pattern and the three areas of multiple circling turns. The blue arrow points in the direction of flight.
During the last period of circling maneuvers, the second-to-last GPS point recorded the airplane in a turn at about 36 kts and about 150 ft agl. The last GPS point recorded the airplane at about 25 kts and about 113 ft agl, about 60 ft from the accident site (see figure 3). 

Figure 3. Google Earth image with GPS overlay showing the third series of circling turns made by the pilot, accompanied by the airplane’s ground speed. The blue arrow points in the direction of the flight. PERSONNEL INFORMATIONThe pilot owned the airplane and occasionally hunted coyotes in support of the Rosebud County Predator Control Office. According to a fellow aerial predator control pilot, who knew the accident pilot well and had aerial hunted with him for over 20 years, the accident pilot was a very competent coyote hunter. The GPS-recorded altitudes, speeds, and turns to the right were consistent with the accident pilot’s aerial hunting techniques. The accident pilot was known to carry two different hunting weapons in the airplane: a semi-automatic shotgun for the passenger in the back to use and a single-shot shotgun for the pilot to use. 
The passenger was a certificated pilot. According to his previous employer, the passenger ended his employment at the Frank Wiley Field Airport (MLS), Miles City, Montana, about a month prior to the accident and may have started working for the accident pilot. The prior employer had dinner with the accident pilot and passenger the night before the accident. He recalled that the passenger had gone aerial hunting with the accident pilot before but he did not know the number of times he may have went. AIRCRAFT INFORMATIONA review of records revealed that the airplane’s registration expired on January 31, 2022. Review of maintenance logbooks revealed the last annual inspection of the airplane occurred on February 4, 2012, at a total time of 1,102.7 hours. 
According to the Pilot’s Operating Handbook (POH) for a similar airplane, the stall airspeed was 43 mph with flaps extended. AIRPORT INFORMATIONA review of records revealed that the airplane’s registration expired on January 31, 2022. Review of maintenance logbooks revealed the last annual inspection of the airplane occurred on February 4, 2012, at a total time of 1,102.7 hours. 
According to the Pilot’s Operating Handbook (POH) for a similar airplane, the stall airspeed was 43 mph with flaps extended. WRECKAGE AND IMPACT INFORMATIONThe airplane came to rest nose down on a hillside at an elevation of about 2,620 ft mean sea level. Fragments of the red and green navigation lights were embedded in the terrain and aided in determining the rotation of the airplane. Impact signatures were consistent with an impact heading of about 310° magnetic, and of the airplane rotating an additional 90° clockwise after the initial impact. All major components remained attached to the fuselage except for the main landing gear wheel assemblies, which were located near the fuselage. Flight control continuity was confirmed from the flight controls to the respective control surfaces. The rear seat was equipped with rudder pedals, and the control stick had been removed. Postaccident examination of the airframe and engine revealed no mechanical malfunctions or failures that would have precluded normal operation. ADDITIONAL INFORMATIONThe FAA Airplane Flying Handbook (FAA-H-8083-3C) stated, in part, “A spin is an aggravated stall condition that may result after a stall occurs. Mishandling of yaw control during a stall increases the likelihood of a spin entry. A spin results in the airplane following a downward corkscrew path” (see figure 4).

Figure 4. Illustration from the Airplane Flying Handbook depicting an airplane in a spin. INJURIES TO PERSONSAn autopsy of the pilot was performed by the Department of Justice, Forensic Science Division, Billings, Montana. The cause of death was determined to be blunt impact injuries of head, neck, torso, and extremities. 
Toxicological testing revealed pheniramine, dextromethorphan, dextrorphan, and famotidine in blood and liver. 

Pheniramine is a sedating antihistamine medication that is available over the counter in oral products for cold and allergy symptom relief, as well as in eye drops for allergy-related eye redness and itching. Oral pheniramine products typically carry a warning that users should use caution when driving a motor vehicle or operating machinery. The FAA states that, after a pilot uses any drug with that warning (including any sedating antihistamine), the pilot should observe a waiting period for the drug to be cleared from circulation before flying. 

Dextromethorphan is a cough suppressant medication that is available over the counter in a variety of cold and allergy products. Dextrorphan is an active metabolite of dextromethorphan. Dextromethorphan is not typically impairing at levels associated with medicinal use. The FAA states that pilots who use dextromethorphan should observe a waiting period for the drug to be cleared from circulation before flying. 

Famotidine is a stomach acid suppression medication that is available without a prescription and is not generally considered impairing. ","The pilot of the tandem seat, non-registered airplane and a passenger were conducting a predator control flight that targeted coyotes on private land. A wildlife control officer on the ground near the designated hunting area was communicating with the pilot via through cell phone and could hear gunfire when the call ended. The control officer attempted to call the pilot back after he expected the flight to have ended but did not determine a need to search for the airplane. A ranch hand located the wreckage later in the day.
GPS data recovered from a handheld device found in the airplane wreckage showed that most of the flight was conducted at low altitudes. While engaging wildlife targets, the pilot slowed the airplane to as low as 36 kts groundspeed and performed multiple turns. During the last period of circling maneuvers the airplane slowed to about 25 kts groundspeed while about 113 ft above ground level (agl). The manufacturer’s Pilot’s Operating Handbook for a similar model of airplane indicated that the stall airspeed was 43 mph (37 kts).
Examination of the wreckage revealed the airplane impacted terrain in a nearly vertical, nose-down attitude while rotating clockwise. The wreckage signatures and very small debris area were consistent with an aerodynamic stall/spin. While maneuvering at low altitudes and low airspeed, the pilot likely exceeded the airplane’s critical angle of attack, which resulted in an aerodynamic stall/spin at an altitude too low for recovery. The pilot’s use of his cell phone, even with the aid of a hands-free device, likely distracted him from piloting duties.
The pilot’s toxicological testing revealed medications that had the potential to cause performance impairment and other medications that were commonly used to treat cold and allergy symptoms; however, toxicological testing did not establish that the pilot was impaired by the medication, nor that he was experiencing cold or allergy symptoms at the time of the accident.","The pilot’s exceedance of the airplane’s critical angle of attack while maneuvering at low altitude, resulting in an aerodynamic stall and subsequent impact with terrain. Contributing to the accident was the pilot’s distraction by his cell phone use while maneuvering.",,"07/29/26 18:00:06","salf"
"20240705194615",1,"HISTORY OF FLIGHTOn July 05, 2024, about 0801 central daylight time, a Rotorway Scorpion 133 helicopter, N51017, was destroyed when it was involved in an accident near Andale, Kansas. The pilot was fatally injured. The helicopter was operated as a Title 14 Code of Federal Regulations Part 91 personal flight.
According to the pilot’s family, the local area flight originated from his personal residence, and he was conducting flight maneuvers, including autorotations, in preparation for a check ride for a rotorcraft (helicopter) rating.
A review of a surveillance video from a residence near the accident site initially showed the helicopter not in view, but included an audible sound of the helicopter’s engine consistent with a high-power setting. About 17 seconds into the video, the sound of the engine reduced momentarily then increased to a lower setting as previously heard. Shortly after, numerous impacts are heard followed by the helicopter descending to the ground inverted. A postimpact fire ensued and consumed the wreckage.  
A witness who was traveling in a motor vehicle nearby heard a loud “bang” and observed debris separating from the helicopter as it descended to the ground. 
The wreckage was located in a wooded area that bordered a cultivated field about 1.6 miles northeast of the pilot’s residence and point of departure.
A postaccident search did not reveal any ADS-B or radar data for the accident flight. PERSONNEL INFORMATIONThe FAA issued the pilot a third-class medical certificate on December 19, 2022, with the following limitation: “Not valid for night flying or by color signal control.” At the time of the exam the pilot reported a total of 128 hours of flight experience. 
A review of the pilot’s logbook revealed he had accrued a total of 32.6 hours of dual instruction, 28.8 hours of solo flying, and a total of 61.4 hours in the accident helicopter. The last entry was dated May 17, 2024. 
The pilot completed a pre-solo written examination for the Rotorway Scorpion helicopter on October 22, 2020. He received pre-solo flight training on October 7, 2022, and a solo endorsement was issued on October 7, 2022. There were no other solo endorsements noted. The solo endorsement was valid for 90 days, until January 5, 2023. The accident occurred 18 months after the expiration of the last solo endorsement.
The pilot held a repairman experimental aircraft builder certificate for the accident helicopter.
According to the flight instructor who issued the pilot’s last solo endorsement, the pilot contacted him to schedule additional flight training and indicated that he was not comfortable performing autorotations. AIRCRAFT INFORMATIONThe helicopter was built by the pilot from a kit, and its airworthiness certificate was issued on April 26, 1988. There was no maintenance logbook observed during the investigation; however, a notepad was provided that showed dates with brief descriptions of maintenance performed. There were no hours recorded, and there was no record of the last condition inspection. 
A current helicopter weight and balance sheet was not available for review.
The helicopter was not equipped with a crash-resistant fuel system, nor was it required to be. AIRPORT INFORMATIONThe helicopter was built by the pilot from a kit, and its airworthiness certificate was issued on April 26, 1988. There was no maintenance logbook observed during the investigation; however, a notepad was provided that showed dates with brief descriptions of maintenance performed. There were no hours recorded, and there was no record of the last condition inspection. 
A current helicopter weight and balance sheet was not available for review.
The helicopter was not equipped with a crash-resistant fuel system, nor was it required to be. WRECKAGE AND IMPACT INFORMATIONThe helicopter came to rest on its left side in a swale; a postcrash fire consumed the majority of the composite structure. The tail rotor assembly and a section of the tailboom’s tubular steel structure were located about 150 yards southwest of the main wreckage.  
Examination of the wreckage revealed the separated areas of the tailboom were displaced left and the separation points exhibited semicircular impressions. Leading-edge abrasions and witness marks consistent with impact with the tailboom structure were noted to the outboard areas of the main rotor blades.  
Main rotor drive continuity was confirmed from the rotor head to the lower drive pulley. The freewheeling unit functioned normally during field testing. Both main rotor blades remained attached and exhibited downward droop. An impact mark was observed on the main rotor mast beneath blade W. Blade S displayed thermal discoloration, and a midchord skin separation was present about 2 ft inboard of the tip. 
Blade W exhibited aft bending about 3 ft from the tip, and a midchord upperskin separation was noted about 4 inches from the tip. Leadingedge gouging was present along the outboard section of the blade. A leadingedge impression consistent with contact from a steel ballast weight was identified on the blade. The ballast weight showed deformation and material transfer consistent with impact from a main rotor blade. Leadingedge abrasions consistent with contact from the tail rotor control cable were noted approximately 8 inches from the blade tip.
The tail rotor drive belts were fractured and separated from their respective pulleys. Deformation was observed on the tail rotor drive pulley and its supporting structure. Both tail rotor blades and pitch change links remained attached to their mounts. One blade exhibited deformation at the tip. The other blade displayed a semicircular impression on the leading edge near midspan, with black transfer marks consistent with the paint from the tailboom’s tubular structure. White transfer marks were present on the tail rotor drive belt pulley. 
The airframe fuel system was destroyed. 
The recovered ballast weights consisted of a steel plate, dumbbell, and barbell plate that totaled about 65 lbs. The ballast weights were not secured in the helicopter and their location in the helicopter at the time of the accident was unknown. 
The horizontal stabilizers and their supporting tubular support structure were separated from the helicopter. The right horizontal stabilizer was fractured into two sections and exhibited leadingedge damage.
Due to the fire damage, only partial flight control continuity was established; airframe-to-engine control continuity could not be established.
The experimental engine remained attached to the airframe and exhibited impact and thermal damage. No anomalies were noted to the spark plug electrodes. Oil was present within the engine, and the valvetrain showed no anomalies. The majority of the fuel system components were thermally destroyed. The carburetor remained attached to the engine and was noted in the idle position. The throttle control cable was thermally separated from the collective control and the snap-out ball joint was not in the safety position; it was found separated from the carburetor. The limited examination of the engine revealed no mechanical anomalies.
Due to the fire damage, fuel samples were not available from the airframe or the engine. ADDITIONAL INFORMATIONThe FAA’s Helicopter Flying Handbook (FAA-H-8083-21B) describes low-G conditions and mast bumping, stating, in part, the following: 
Helicopters with two-bladed teetering rotors rely entirely on the tilt of the thrust vector for control. Therefore, low-G conditions can be catastrophic for two-bladed helicopters… 
Abrupt forward cyclic input or pushover in a two-bladed helicopter can be dangerous and must be avoided, particularly at higher speeds. During a pushover from moderate or high airspeed, as the helicopter noses over, it enters a low-G condition. Thrust is reduced, and the pilot has lost control of fuselage attitude but may not immediately realize it. Tail rotor thrust or other aerodynamic factors will often induce a roll. The pilot still has control of the rotor disk, and may instinctively try to correct the roll, but the fuselage does not respond due to the lack of thrust. If the fuselage is rolling right, and the pilot puts in left cyclic to correct, the combination of fuselage angle to the right and rotor disk angle to the left becomes quite large and may exceed the clearances built into the rotor hub. This results in the hub contacting the rotor mast, which is known as mast bumping…and the energy and inertia in the rotor system can sever the mast or allow rotor blades to strike the tail or other portions of the helicopter. 
The handbook includes an illustration that depicts the main rotor hub contacting the main rotor mast, as a result of improper corrective action in a low-G condition (see figure).










                         Figure. Mast bumping illustration. (Source: FAA) MEDICAL AND PATHOLOGICAL INFORMATIONThe Sedgwick County Forensic Science Center performed the pilot’s autopsy. According to the pilot’s autopsy report, his cause of death was a result of multiple blunt force and thermal injuries, and the manner of death was accident. 
Postmortem toxicology testing by the FAA Forensic Science Laboratory detected tamsulosin and ibuprofen in the blood and urine. 
Tamsulosin (Flowmax) is an alpha blocker used to treat benign prostate hyperplasia and is acceptable for pilots. Ibuprofen (Motrin) is a non-prescription NSAID used to treat pain, fever, and inflammation. Ibuprofen is acceptable for pilots if the underlying condition is acceptable. ","The pilot departed from his residence on a local area flight to practice maneuvers in the experimental helicopter. A witness heard a loud “bang” and observed debris separating from the helicopter as it descended to the ground. Surveillance camera audio captured the sound of the helicopter’s experimental engine at a constant high-power setting, followed by a momentary reduction in power. Shortly thereafter, the audio captured multiple impacts and the helicopter came into view inverted, then descended to the ground. A postimpact fire consumed the wreckage. 
Postaccident examination of the wreckage found that the aft tailboom had separated from the helicopter and was located about 150 yards from the main wreckage. An impact mark consistent with the shape of a main rotor blade was noted at the right side of the tubular structure at the separation area, consistent with a main rotor blade impact. 
While no mechanical anomalies were found during the airframe and engine examination, the examination was limited due to extensive fire damage.
The throttle control cable was found thermally separated from the collective control and the snap-out ball joint was not in the safety position; it was found separated from the carburetor. However, the surveillance audio of the engine’s reduction and increase of rpm before the main rotor’s impact with the tailboom are consistent with an intact throttle control and indicate that the throttle cable likely separated from the carburetor during the impact with terrain. 
The pilot did not hold a helicopter rating. His last solo endorsement was October 07, 2022, and was valid until January 05, 2023. The accident occurred 18 months after the expiration of the last solo endorsement, and the pilot was not authorized to conduct solo flight operations at the time of the accident. 
The pilot previously reported that he felt uncomfortable performing autorotations and requested additional training from a flight instructor; however, it was unknown what maneuvers he was performing during the accident flight.
Teetering main rotor systems, such as the one on the accident helicopter, are particularly susceptible to main rotor mast bumping during the low-G conditions that result from abrupt forward (nose-down) cyclic inputs. Based on the available evidence the pilot likely applied abrupt control inputs while performing an unknown maneuver, which resulted in main rotor mast bumping during a low-G condition and subsequent main rotor blade contact with and subsequent separation of the tailboom..","The pilot’s abrupt control inputs, which resulted in a low-G condition, main rotor mast bumping, and subsequent severing of the tailboom by the main rotor blades.",,"07/29/26 18:00:12","coln"
"20240710194667",1,"HISTORY OF FLIGHTOn July 10, 2024, about 1210 mountain daylight time, an Air Tractor AT-802A (Fire Boss) airplane, N10122, was substantially damaged when it was involved in an accident near Helena, Montana. The pilot was fatally injured. The airplane was operated as public use aircraft for the purpose of firefighting.
The operator reported dispatching four of their single-engine air tankers to Helena for the United States Forest Service in support of aerial firefighting efforts for the Horse Gulch Fire. The flight of four departed Coeur d’Alene Airport – Pappy Boyington Field (COE), Coeur d'Alene, Idaho, about 1 hour and 44 minutes before the accident, and flew directly to Hauser Lake, where they began scooping water from the lake. The accident airplane was flying in the No. 2 position. During its first water scoop, witnesses on the lake and the pilots of the two airplanes flying behind the accident airplane saw the airplane make a turn to the left.
The airplane subsequently impacted a vertical rock face bordering the southern shoreline of the lake, fell into the water, and sank.
According to the lead pilot, after the lead airplane’s scoops deployed, he recognized a slight tailwind and aborted the scoop. He transmitted instructions for the remaining airplanes to abort the scoop sequence. The pilots of the Nos. 3 and 4 airplanes acknowledged the transmission; however, the accident pilot did not. The lead pilot repeated the abort instruction specifically to the accident pilot but received no response. 
The accident airplane was equipped with a SpiderTrack flight tracking system. Downloaded data (figure 1) showed that after departing COE, the airplane turned to a southeasterly heading and ascended to an altitude of about 9,400 ft mean sea level (msl). The airplane continued on a southeasterly heading, at altitudes between 9,275 ft and 9,575 ft msl, until it began a descent at 1146. The group of four airplanes flew over Hauser Lake and completed several turns before they made a descending right turn from the east side of the lake. The accident airplane descended to the lake’s surface, on a track of about 279° magnetic, and traveled about 4,233 ft across the water. The airplane then made a left turn to a heading of 269° and traveled about 1,447 ft until the data ended in the area of the accident site.

Figure 1: SpiderTrack Image of Flight Track (Courtesy of Operator)
Witnesses on the lake and in their homes had been watching a group of airplanes fly overhead and scoop water from the lake. One witness reported that the first airplane scooped water and took off again. The second airplane touched down but did not take off again. The airplane was “moving unsteadily from side to side” and appeared to be ” out of control.“ The witness believed that the left wing hit the water, which changed the airplane’s direction of travel where it collided with a rock face. Another witness reported that the accident airplane descended to the water and was moving unsteadily from side to side before it took off. The witness recalled the airplane in a right-wing-high attitude before the airplane impacted the rock face. The pilot of the No. 3 airplane reported that after the accident airplane touched down, it gradually drifted left and did not appear to change direction before it impacted the shoreline. PERSONNEL INFORMATIONThe pilot’s hire date with Dauntless Air was January 10, 2024. According to the operator, this was the pilot’s first fire season. According to information provided by the operator, as of April 6, 2024, the pilot performed 122 scoops while in training. She had amassed 25.2 hours of flight time during training and an additional 42.8 hours of ferry flight time relocating airplanes. The operator stated that the pilot’s total Fire Boss experience before the accident included 150 total scoops and about 96.4 hours of flight time.   
The following information about the pilot’s training was provided by a representative of Dauntless Air:

Figure 2: Pilot's training record dates provided by Dauntless Air.
The operator’s Chief Pilot/Director of Operations stated that he had flown with the pilot on at least 4 flights and noted that she had been lagging behind the rest of her class but was showing improvement. He added that instructors had identified her as lagging behind the rest of the class in the tactical environment, specifically in situational awareness and formation flight operations with four aircraft. Additionally, he reported that one instructor flagged her as not ready for tactical or for a check ride. However, the pilot gained more experience, including numerous ferry flights, practicing formation, and a mock check ride prior to conducting a final check ride.  
A former Dauntless Air flight instructor reported that he had flown with the accident pilot 10 different times, of which 4 times were during initial training. He stated that during one of the early flights, he noticed that the accident pilot lost situational awareness on the return flight back to the airport. He believed that the accident pilot may have experienced similar situational awareness issues while conducting ferry flights when she ferried an aircraft. The flight instructor added that when the accident pilot was tasked with more than one item, she would get overwhelmed easily. The flight instructor also recalled that in one case, the accident pilot “just kind of froze on the controls, when joining up on an airplane” and he had to take control of the airplane from her, which startled her. AIRCRAFT INFORMATIONThe airplane was equipped with a Wipaire 10000 Series Amphibious Water Scooping Float System.
A review of the airplane’s logbooks revealed that an annual inspection had been completed on March 9, 2024, with an airframe total time of 1,785.2 hours. METEOROLOGICAL INFORMATIONA witness on the lake, about 300 yards from the accident site, reported water conditions as choppy, but not “white capping.’’ AIRPORT INFORMATIONThe airplane was equipped with a Wipaire 10000 Series Amphibious Water Scooping Float System.
A review of the airplane’s logbooks revealed that an annual inspection had been completed on March 9, 2024, with an airframe total time of 1,785.2 hours. WRECKAGE AND IMPACT INFORMATIONAccident Site
The airplane impacted a vertical rock face along the shoreline of Hauser Lake and came to rest upright, submerged about 20 ft from the rock face. The debris field was contained in the area immediately below the impact with the vertical rock face. All major structural components of the airplane, engine, and propeller assembly were located at the accident site. The only components not located were the outboard segment of the left aileron, including the counterweight, and a segment of left elevator, including the left elevator counterweight. The fuselage came to rest upright on a magnetic heading of about 225°. Both floats had separated from the landing gear and were located together downstream from the main wreckage.
Examination of the airplane after its recovery from the water revealed that the wings, tail sections, and engine remained attached to the fuselage. Flight control continuity was established from the cockpit to all flight controls.
The cockpit remained intact. The emergency jettison handle was in the stowed and locked position.
Postaccident investigation established flight control continuity from the cockpit to the respective flight control surfaces. The engine remained attached to the airframe at its engine mount. The propeller assembly had separated from the engine. The flaps were extended to 30°, the fully extended position. 
Both floats had separated from the airframe, the right float sustained minimal damage, and the scoop was deployed about 1/8 inch below the main keel. The left float sustained minimal damage with the scoop deployed about 1/4 inch below the main keel. The scoops were functionally tested with no discrepancies noted.
Two of the five propeller blades separated from the hub, with one of those propeller blades not recovered. The propeller blades showed varying degrees of rotation/S-bending, nicks and gouges, and chordwise scratching. Two blades were bent toward the cambered side, and one blade was bent toward the face side. The recovered propeller blade that separated from the hub was mostly straight with visible nicks and gouges. According to the propeller manufacturer, the impact signatures indicated that the propeller was rotating at a high rpm under high engine power and was producing thrust at the time of impact.
Postaccident examination of the airplane revealed no preaccident mechanical malfunctions or failures that would have precluded normal operation. ADDITIONAL INFORMATIONThe FAA Pilot’s Handbook of Aeronautical Knowledge (FAA-H-8083-25C) identifies, in part, the following operational pitfalls: 
Peer pressure: Poor decision - making may be based upon an emotional response to peers, rather than evaluating a situation objectively. 
Getting behind the aircraft - This pitfall can be caused by allowing events or the situation to control pilot actions. A constant state of surprise at what happens next may be exhibited when the pilot is getting behind the aircraft. 
Loss of positional or situational awareness - In extreme cases, when a pilot gets behind the aircraft, a loss of positional or situational awareness may result. The pilot may not know the aircraft’s geographical location or may be unable to recognize deteriorating circumstances. MEDICAL AND PATHOLOGICAL INFORMATIONThe Lewis and Clark County Medical Examiner performed the pilot’s autopsy. According to the autopsy report, the cause of death was drowning, and the manner of death was accident. 
Toxicology testing performed by FAA Forensic Sciences Laboratory detected morphine in the pilot’s urine at 3 ng/mL. Cetirizine was detected in the pilot’s femoral blood. Cetirizine was also detected in the pilot’s urine at 126 ng/mL.
Morphine is an opioid drug that may be used to treat pain. Morphine also may be a metabolite of other drugs that were not detected in this case (heroin, which is an illicit opioid drug, and codeine, which is a medication that may be used to treat pain, cough, or diarrhea). Additionally, morphine may sometimes be detected in urine after poppy seed consumption. The FAA instructs aviation medical examiners not to issue medical certificates to pilots who use opioid drugs regularly, although medical certificates may be issued in cases of occasional opioid use for time-limited conditions that are nonrecurrent or recurrent and resolved (and not otherwise disqualifying). Regardless, the FAA states that a pilot should not fly after using an opioid drug until adequate time has elapsed for the drug to be eliminated from circulation.
Cetirizine is a second-generation antihistamine medication that is available over the counter and is commonly used to treat allergy symptoms. Cetirizine often carries a warning that users may experience drowsiness and should be careful when driving a motor vehicle or operating machinery. Data on sedation and psychomotor impairment from cetirizine are mixed, with some studies finding some sedating and impairing effects. The FAA states that pilots should wait 48 hours after using cetirizine before flying, to allow time for the drug to be cleared from circulation. In living people, typical therapeutic levels of cetirizine in plasma are about 100 ng/mL to 600 ng/mL. ","The pilot of the single-engine air tanker flew as part of a group of four airplanes and was in the No. 2 position. The group departed from their home airport in support of aerial firefighting efforts and arrived at the destination 1 hour and 44 minutes later. Once they arrived on scene, near the wildfire, they flew to a nearby lake to begin the water scooping portion of the mission; the accident occurred during the first scoop sequence. 
Witnesses on the lake and in their homes reported that the lead airplane successfully completed its scoop and lifted off from the lake. The float-equipped accident airplane was beginning to scoop when witnesses observed the airplane “moving unsteadily” before the left wing dipped into the water, the right wing rose into the air, the airplane veered left and subsequently impacted the rock face.  
During the initial water scoop, the lead pilot transmitted an instruction to abort the scoop due to a tailwind. As the lead airplane climbed away from the lake, the accident airplane had descended toward the water. The pilot did not acknowledge the abort instruction, and the airplane began to drift to the left. A review of the airplane’s SpiderTrack flight tracking data showed that during the final 1,447 ft of the water scoop, the airplane drifted about 10° left while on the water. The lead airplane’s flight data showed that the accident airplane’s drift to the left, away from the middle of the waterway and toward the shoreline and rock face, occurred simultaneously with the lead airplane’s turn to the left. The pilot did not take any evasive action to avoid the rock face.
According to the operator, this was the accident pilot’s first fire season. The pilot’s training history showed that during tactical flying, the pilot at times lost situational awareness, which led to a regression in fundamental flying skills and freezing at the flight controls. 
Given these documented deficiencies, the pilot likely experienced a similar degradation in performance during the accident sequence.  
Postaccident examination of the wreckage revealed no preaccident mechanical malfunctions or failures with the airplane that would have precluded normal operation.
Toxicology results indicated a low level of cetirizine in the pilot’s postmortem femoral blood; with the low level found, the pilot was not likely to have experienced any significant impairment effects at the time of the accident. Additionally, a very low level measured concentration of morphine was identified in the pilot’s urine. The positive toxicology result is nonspecific and may have been found after opioid drug use or poppy seed consumption. Given the low level detected, it is unlikely that the pilot was impaired by the effects of morphine at the time of the accident.","The pilot’s loss of situational awareness during the water scoop due to task overload while operating in a multi-airplane tactical firefighting environment, which resulted in the pilot’s failure to maintain directional control and the airplane’s collision with terrain.",,"07/29/26 18:00:14","lama1"
"20240715194694",1,"On July 13, 2024, about 0749 mountain daylight time, a Cessna 182B airplane, N2617G, sustained substantial damage when it was involved in an accident near Soldier, Idaho. The pilot and passenger sustained minor injuries. The airplane was operated as a Title 14 Code of Federal Regulations Part 91 personal flight.
The pilot reported that he departed on a cross-country flight from Buhl Municipal Airport (U03), Buhl, Idaho, to Smiley Creek Airstrip (U87), Smiley Creek, Idaho. He stated that after climbing to his desired cruise altitude, about 9,000 ft msl, the manifold pressure was about 18 inches of mercury. He reported that his normal operating procedure to establish cruise flight was to trim the airplane for straight and level flight, adjust the manifold pressure to 18 inches of mercury, adjust the mixture to “rich of peak,” and close the cowl flaps. His technique for adjusting the mixture was to pull the mixture control knob out until the engine presented a noticeable roughness, then turn the mixture control knob about three or four rotations to the right to increase the air to fuel mixture until the engine roughness subsided. 
Section II of the airplane manufacturer’s Pilot Operating Handbook included a checklist to establish cruise flight operations. Steps 1 through 3 instructed the pilot to select a cruise power setting and stabilize and trim the airplane. Step 4 of the checklist instructed pilots to lean the mixture by pulling the control knob out until the engine becomes rough and then enrich the mixture slightly beyond this point.
The pilot reported that about 29 minutes into the flight, while over mountainous terrain, the engine began running rough and a pronounced engine vibration began, but the engine oil temperature and pressure remained within normal operating limits. He immediately made a 180° turn to the south and observed that the engine oil pressure had decreased below normal operating parameters, followed by a total loss of engine power. The pilot initiated a forced landing to a grass-covered field. During the landing roll, the airplane encountered a ditch, the landing gear sheared off, and the airplane nosed over, sustaining substantial damage to the left wing lift strut. 
Postaccident examination of the engine revealed about a 3-inch hole in the top of the crankcase above the No. 2 cylinder. A lighted borescope was inserted into the spark plug orifice of each cylinder and revealed that the No. 1 piston was not present; however, fragments of the piston were found in the engine oil sump. The No. 2 piston connecting rod had failed at the crankshaft and was free of the bearings, retention bolts, nuts, and end cap. Each of the cylinders was removed from the crankcase, and detonation signatures were observed throughout, in the form of cylinder head pitting, damage to the piston skirts, piston crown pitting, and shiny metallic fragments observed on the cylinder heads and piston crowns. No evidence of an induction leak was observed. Magneto to engine timing was not confirmed due to impact damage to the left and right magnetos.
The airplane underwent an annual inspection on April 26, 2024. The airplane had accumulated about 10.6 hours since the annual inspection, and the engine had accumulated about 1,044.79 hours since being overhauled. 
The FAA’s Pilot’s Book of Aeronautical Knowledge states, in part:
An overly lean mixture causes detonation, which may result in rough engine operation, overheating, and/or a loss of power.
It further states:
Detonation is an uncontrolled, explosive ignition of the fuel-air mixture within the cylinder’s combustion chamber. It causes excessive temperatures and pressures which, if not corrected, can quickly lead to failure of the piston, cylinder, or valves. In less severe cases, detonation causes engine overheating, roughness, or loss of power.
Detonation is characterized by high cylinder head temperatures and is most likely to occur when operating at high power settings.
Common operational causes of detonation are:
- Use of a lower fuel grade than that specified by the aircraft manufacturer
- Operation of the engine with extremely high manifold pressures in conjunction with low rpm
- Operation of the engine at high power settings with an excessively lean mixture.","The pilot reported that after climbing to the airplane’s cruise altitude of about 9,000 ft mean sea level (msl), he configured the airplane to maintain straight and level flight and adjusted the mixture control to “rich of peak.” Shortly after leaning the fuel mixture, the engine began to run rough and a pronounced vibration began. The pilot made a 180° turn to the south, after which he observed a loss of oil pressure and the engine subsequently lost total power. During the forced landing, the airplane encountered a ditch and nosed over. 
Postaccident examination of the engine revealed about a 3-inch hole in the top of the crankcase above the No. 2 cylinder. Further examination revealed that the No. 1 piston had separated from the connecting rod wrist pin and fragments of the piston were present in the engine oil sump. The No. 2 piston connecting rod broke free from the crankshaft at the bearings, end cap, retention bolts, and nuts. Each of the cylinders and pistons displayed detonation signatures. There was no evidence of an induction leak on the No. 1 cylinder. 
While the pilot reported that his normal procedure was to operate the engine during cruise flight with a fuel to air mixture that was “rich of peak,” the procedure that the pilot described was more consistent with a lean mixture configuration as described by Section II in the cruise checklist of the manufacturer’s Pilot Operating Handbook. Given the pilot’s consistent and long-term operating procedure, it is likely that the fuel to air mixture was too lean and resulted in the explosive ignition of the fuel to air mixture within the No. 1 cylinder’s combustion chamber. The damage observed to the engine’s remaining pistons and cylinders was consistent with detonation signatures, resulting in a failure of the No. 1 piston and the No. 2 piston connecting rod, and the subsequent total loss of engine power.","A total loss of engine power resulting from the failure of the No. 1 piston and the No. 2 piston connecting rod due to detonation.",,"07/29/26 18:00:17","coln"
"20240906195068",1,"HISTORY OF FLIGHTOn September 6, 2024, about 0949 eastern daylight time, a Piper PA-46-350P airplane, N629AG, was destroyed when it was involved in an accident near Anderson, Indiana. The pilot, two pilot-rated passengers, and one additional passenger were fatally injured. The airplane was operated as a Title 14 Code of Federal Regulations Part 91 personal flight.
ADS-B and Stratus 2S data (from a device recovered from the airplane wreckage) revealed that the flight departed Fort Dodge Regional Airport (FOD), Fort Dodge, Iowa, about 0647 central daylight time. The airplane proceeded on an east-southeast course toward Anderson Municipal Airport-Darlington Field (AID), Anderson, Indiana, and climbed to FL210, which corresponded to a pressure altitude of 21,000 ft. About 0921 eastern daylight time, the pilot initiated a descent from FL210. About 0942, the airplane was about 13 miles west-northwest of AID at 7,000 ft msl when the Indianapolis approach controller instructed the pilot to descend to 3,000 ft msl and advised him to expect a visual approach to runway 12 at AID. About 4 minutes later, the pilot informed the controller that the airport was in sight, and the controller cleared the pilot for a visual approach. At that time, the flight was about 4 miles west-northwest of AID and at an altitude of about 3,600 ft msl.
At 0947:19, when the flight was 0.9 miles west of the runway and about 2,059 ft msl, the pilot informed the controller he needed to execute a missed approach. The controller subsequently cancelled the approach clearance and instructed the pilot to turn right to a heading of 180° and climb to 3,000 ft msl. The airplane initially continued to descend toward the runway. Seventeen seconds later, at 0947:36, the airplane began to climb. The altitude of the airplane was about 1,665 ft msl (730 ft agl) and the calibrated airspeed was about 134 kts. Two seconds later, the airplane flew over the runway 12 threshold at 1,678 ft msl.
The airplane’s flight track drifted slightly north-northeast of the runway centerline. Once the pilot initiated the missed approach, the airplane’s rate of climb varied between about 240 fpm and 1,034 fpm. At 0948:30, the calibrated airspeed decreased to about 81 kts as the airplane entered a gradual right turn. At that time, the airplane was about 0.60 miles southeast of the departure end of runway 12 and climbing through about 2,132 ft msl.
At 0948:36, the controller instructed the pilot to fly a heading of 230° and maintain 3,000 ft msl. The pilot acknowledged the assigned heading but not the altitude. The controller attempted to confirm the altitude assignment but received no further communications from the pilot.
At 0948:53, the calibrated airspeed decreased to about 71 kts, and the climb had transitioned to a descent. About 4 seconds later, the calibrated airspeed had decreased to about 47 kts and the descent rate had increased to about 5,000 fpm. The calibrated airspeed subsequently increased to about 160 kts; however, the airplane remained in a descent until the final data point was recorded at 0949:02. The accident site was located about 98 ft east-northeast from that data point at an elevation of about 923 ft msl.
At 0949:46, the approach controller transmitted that radar contact with the flight was lost. The AID tower controller informed the approach controller that he was not in communication with the pilot. At 0951:56, the AID tower controller informed the approach controller of black smoke southeast of the airport. 
A witness located about 0.25 miles from the accident site observed the airplane come up above a tree line in a climb. Shortly afterward, the airplane stopped climbing “all of a sudden,” rolled to the right, and entered a descent. The engine was loud and sounded like it was “really revving.” The witness added that it seemed to be “wide open.” 
A second witness located about 0.125 miles from the accident site reported that the airplane engine “revved up,” decreased, and then “revved up” again, before it cut out. He did not hear the sound of the impact. PERSONNEL INFORMATIONThe pilot’s logbook was not available to the NTSB during the course of the investigation. AIRCRAFT INFORMATIONThe airplane maintenance records were not available to the NTSB during the course of the investigation. If they were located in the airplane, they were destroyed by the postimpact fire.
According to the airplane manufacturer’s Pilot’s Operating Handbook, the airplane’s aerodynamic stall speeds with the wings level (0° angle of bank) were as follows: 60 KCAS with the landing gear and wing flaps extended, 64 KCAS with the wing flaps at 20° and landing gear down, and 71 KCAS with the wing flaps and landing gear retracted. AIRPORT INFORMATIONThe airplane maintenance records were not available to the NTSB during the course of the investigation. If they were located in the airplane, they were destroyed by the postimpact fire.
According to the airplane manufacturer’s Pilot’s Operating Handbook, the airplane’s aerodynamic stall speeds with the wings level (0° angle of bank) were as follows: 60 KCAS with the landing gear and wing flaps extended, 64 KCAS with the wing flaps at 20° and landing gear down, and 71 KCAS with the wing flaps and landing gear retracted. WRECKAGE AND IMPACT INFORMATIONThe accident site was located in a corn field about 1 mile southeast of the departure end of runway 12 at an elevation of 923 ft msl. A small section of the 8-ft-tall corn crop exhibited 45° downward cuts immediately adjacent to the impact crater. The airplane came to rest upright on a northeast heading. The debris area extended about 50 ft southwest from the initial impact.
The airframe was fragmented, and portions were consumed by a postimpact fire. The engine and forward fuselage were located adjacent to a 4-ft diameter impact crater. All three propeller blades were separated at the blade roots and positioned near the crater. The cockpit area was located about 12 ft from the forward fuselage. The wings and center fuselage were positioned about 15 ft from the cockpit debris. The aft fuselage and empennage were located in position adjacent to the wings. Both main landing gear struts were in the extended position; the nose landing gear was separated. 
All major airframe structural components were located at the accident site. Each flight control surface, including both wing flaps, either remained attached to the airframe or were separated and located within the debris path. The wing flap actuator was not found and the flap position at the time of the accident could not be determined. FLIGHT RECORDERSThe airplane was equipped with a Garmin G1000 system; however, a flight data card was not located at the accident site, nor is it known if a data card was installed. A Stratus 2S unit was recovered at the accident site and successfully downloaded by the NTSB recorder lab. MEDICAL AND PATHOLOGICAL INFORMATIONEast Central Indiana Pathologists, P.C. performed an autopsy of the pilot. The cause of death was attributed to multiple blunt force injuries sustained in the accident. Toxicology testing performed at the FAA Forensic Sciences Laboratory found no ethanol and no drugs of abuse. ","After takeoff, the airplane climbed to flight level (FL) 210, and the instrument flight rules (IFR) flight proceeded routinely. The pilot was ultimately cleared for a visual approach to the intended destination airport by the air traffic controller. About one mile from the runway, while on final approach, the pilot informed the controller that he needed to execute a missed approach. The controller subsequently cancelled the approach clearance and instructed the pilot to turn right to a heading of 180° and climb to 3,000 ft mean sea level (msl). The airplane initially continued to descend toward the runway. Seventeen seconds later, the airplane began to climb. The airplane crossed over the runway approach threshold about 800 ft above ground level (agl).
The airplane’s flight track drifted slightly north-northeast of the runway centerline, and once the pilot initiated the missed approach the airplane’s rate of climb varied between about 240 ft per minute (fpm) and 1,034 fpm. During the climb, the airplane’s calibrated airspeed decreased to about 81 kts as the airplane entered a gradual right turn. At that time, the airplane was about 0.60 miles southeast of the departure end of the runway.
The controller subsequently instructed the pilot to fly a heading of 230° and maintain 3,000 ft msl. The pilot acknowledged the assigned heading but not the altitude. The controller attempted to confirm the altitude assignment but received no further communications from the pilot.
The airplane’s calibrated airspeed decreased to about 71 kts. About that time, the climb transitioned to a descent. About 4 seconds later, the calibrated airspeed decreased to about 47 kts and the descent rate increased to about 5,000 fpm. The calibrated airspeed then increased to about 160 kts; however, the airplane remained in a descent until the final ADS-B data point. The accident site was located about 98 ft east-northeast from that data point.
A witness located about 0.25 miles from the accident site observed the airplane come up above a tree line in a climb. Shortly afterward, the airplane stopped climbing “all of a sudden,” rolled to the right, and entered a descent. The engine was loud and sounded like it was “really revving.” The witness added that it seemed to be “wide open.” 
A second witness located about 0.125 miles from the accident site reported that the airplane engine “revved up,” decreased, and then “revved up” again, before it cut out. He did not hear the sound of the impact. 
The accident site was located in a corn field about 1 mile southeast of the departure end of the runway. A small section of the 8-ft-tall corn crop exhibited 45° downward cuts immediately adjacent to the impact crater. The airframe was fragmented and portions were consumed by a postimpact fire.
All major airframe structural components were located at the accident site. Each flight control surface, including both wing flaps, either remained attached to the airframe or were separated and located within the debris path. The wing flap actuator was not found and the flap position at the time of the accident could not be determined. Based on the examination of the available wreckage, no evidence of an inflight structural failure or flight control anomaly was observed.
According to the airplane manufacturer’s Pilot’s Operating Handbook, the airplane’s aerodynamic stall speeds with the wings level (0° angle of bank) were as follows: 60 kts calibrated airspeed (KCAS) with the landing gear and wing flaps extended, 64 KCAS with the wing flaps at 20° and landing gear down, and 71 KCAS with the wing flaps and landing gear retracted. Examination of the wreckage showed that both main landing gear struts were in the extended position (the position of the flaps could not be determined) so the aerodynamic stall speed was at least 60 KCAS. ADS-B data indicated that the airplane’s KCAS immediately before the accident was as low as 47 KCAS, well below the stall speed indicated by the manufacturer.
Based on the available information, the pilot failed to maintain sufficient airspeed during the missed approach and ultimately allowed the airplane to enter an aerodynamic stall from which he was unable to recover before impacting the terrain.","The pilot’s inadequate airspeed management during the missed approach which resulted in an inadvertent aerodynamic stall and loss of control at low altitude.",,"07/29/26 18:00:19","coln"
"20240907195073",1,"HISTORY OF FLIGHTOn September 6, 2024, about 1259 Pacific daylight time, a Boeing A75L3 airplane, N53466, was substantially damaged when it was involved in an accident near Yacolt, Washington. The pilot was seriously injured and the passenger was fatally injured. The airplane was operated as a Title 14 Code of Federal Regulations Part 91 personal flight.
The pilot reported that he had no memory of the accident flight or the accident sequence. 
Two other pilots reported that the accident airplane was part of a group of three airplanes traveling together. The group departed Ed Carlson Memorial Field/South Lewis County Airport (TDO), Toledo, Washington, with an intended destination of Ken Jernstedt Airfield (4S2), Hood River, Oregon, and maintained loose trail with one another. Near Woodland, Washington, the accident pilot announced a previously undiscussed alternate route of flight to the group and instructed a turn to the east/southeast. One airplane turned with the accident airplane, and one airplane chose to maintain the originally planned, southerly course. The pilot of the airplane on the southerly course heard the pilot of the accident airplane state, “this is the cut we’re going to take” to the second airplane, then did not hear any subsequent communication from either of the other two pilots. 
The two airplanes on the alternate route of flight proceeded toward mountainous terrain and the accident pilot offered continued direction to the second airplane. As the airplanes approached a ridgeline in the rising terrain, the pilot of the second airplane realized that his airplane was not high enough to clear the ridge and initiated a climb. He observed a decrease in his airplane’s ground speed and added engine power to facilitate the climb. He subsequently added additional engine power and completed two 360° circles in a circle climb to clear the ridge. The pilot of the second airplane then continued the flight toward their intended destination and was unaware that the accident airplane had not crossed the previous ridgeline. 
The final 6 minutes of available ADS-B flight track data showed the accident airplane maintained a variable altitude between 2,600 ft and 2,900 ft msl. About .63 miles west of terrain at 3,550 ft, the data showed the initiation of a left turn followed by a rapid descent. The accident airplane’s ground speed had slowed to 40 knots at the onset of the rapid descent. 
The other two airplanes from the group arrived at 4S2. Their pilots subsequently reported the accident airplane overdue, and an Alert Notice (ALNOT) was issued at 1637. The wreckage was located about 12 miles southeast of Yacolt, Washington, in wooded, mountainous terrain by a United States Coast Guard rescue helicopter and ground search and rescue teams from Skamania County Sheriff. AIRCRAFT INFORMATIONRecords showed that the most recent annual inspection was completed on June 1, 2024. The most recent engine overhaul was completed on April 10, 2012. METEOROLOGICAL INFORMATIONThe closest available weather reporting station was located at Portland-Troutdale Airport (TTD), Portland, Oregon, and included a reported 10 miles visibility and temperature of 31°C near the time of the accident. 
Based on the available weather report, the calculated density altitude near the accident site was 4,626 ft.
The pilot of the airplane who continued on the southerly course while enroute estimated the visibility to be about 7 statute miles, with wildfire smoke in the area. The pilot of the airplane flying the alternate route with the accident airplane reported that “it wasn’t too smooth out.” AIRPORT INFORMATIONRecords showed that the most recent annual inspection was completed on June 1, 2024. The most recent engine overhaul was completed on April 10, 2012. WRECKAGE AND IMPACT INFORMATIONExamination of the accident site revealed that the airplane came to rest in a nose-low attitude on a heading of about 110° magnetic, at an elevation of about 2,751 ft mean sea level. The wreckage was at the base of an about 100-ft-tall tree. Multiple impact scars were observed from the base of the tree to about 50 ft, and several branches from the tree were observed around and within the wreckage. 
The engine was partially buried in the forest floor, nose low and beneath the fuselage. The propeller assembly was attached to the engine, buried in recently disturbed earth, directly beneath the engine.
The main landing gear assembly was about 75 ft downhill from the main wreckage. 
All major structural components of the airplane were located at the accident site. Postaccident examination of the wreckage revealed no evidence of preaccident mechanical malfunction or failure that would have precluded normal operation. ADDITIONAL INFORMATIONAccording to the FAA Airplane Flying Handbook (FAA-H-8083-3C), 
The angle of attack (AOA) is the angle at which the chord of the wing meets the relative wind. The chord is a straight line from the leading edge to the trailing edge. At low angles of attack, the airflow over the top of the wing flows smoothly and produces lift with a relatively small amount of drag. As the AOA increases, lift as well as drag increases; however, above a wing’s critical AOA, the flow of air separates from the upper surface and backfills, burbles, and eddies, which reduces lift and increases drag. This condition is a stall, which can lead to loss of control if the AOA is not reduced. 
It is important for the pilot to understand that a stall is the result of exceeding the critical AOA, not of insufficient airspeed. The term “stalling speed” can be misleading, as this speed is often discussed when assuming 1G flight at a particular weight and configuration. Increased load factor directly affects stall speed (as well as do other factors such as gross weight, center of gravity, and flap setting). Therefore, it is possible to stall the wing at any airspeed, at any flight attitude, and at any power setting. For example, if a pilot maintains airspeed and rolls into a coordinated, level 60° banked turn, the load factor is 2G, and the airplane will stall at a speed that is 41 percent higher than the 1G stall speed. In that 2G level turn, the pilot has to increase AOA to increase the lift required to maintain altitude. At this condition, the pilot is closer to the critical AOA than during level flight and therefore closer to the higher stalling speed. Because “stalling speed” is not a constant number, pilots need to understand the underlying factors that affect it in order to maintain aircraft control in all circumstances. ","The accident airplane was one of three airplanes traveling together on a cross-country flight. The pilots of the accident airplane and one of the other two airplanes chose to divert from the group’s typical route of flight to fly an alternate route through rising, mountainous terrain. 
As the two airplanes approached an area of higher terrain and a ridgeline that required a climb, the pilot of the second airplane flying the alternate route initiated a circling climb to gain sufficient altitude needed to cross the approaching ridgeline. He then continued on toward the intended destination, unaware that the accident airplane was not behind his airplane.
When approaching the same ridgeline, the pilot of the accident airplane maintained an altitude that was lower than the elevation of the ridgeline and did not initiate a climb. The airplane maintained an altitude of about 2,900 ft mean sea level (msl) until it entered a left turn, followed by a rapid descent above the accident location. The airplane’s ground speed had slowed to 40 kts at the onset of the rapid descent and the left turn began about .63 statute miles from terrain that rose to 3,550 ft msl, which was the lowest available terrain ahead of the airplane’s position. The pilot likely initiated a left turn away from rising terrain and exceeded the airplane’s critical angle of attack. The investigation was unable to determine why the pilot did not initiate a climb earlier in the flight.
The pilot of the second airplane flying the alternate route reported that “it wasn’t too smooth out,” which was consistent with terrain-induced wind and/or turbulence. He reported that at the initiation of his climb he added engine power, saw his ground speed decrease and then added additional engine power. He subsequently chose to circle climb to clear the ridgeline. The calculated density altitude near the accident site was 4,626 ft. 
Postaccident examination of the engine and airframe revealed no evidence of preaccident malfunction or failure.","The pilot’s exceedance of the airplane’s critical angle of attack while maneuvering at a low altitude in mountainous terrain in moderately high density altitude conditions, resulting in an aerodynamic stall and subsequent impact with terrain.",,"07/29/26 18:00:22","coln"
"20240913195117",1,"On September 1, 2024, about 1520 central daylight time, a Diamond DA42 airplane, N705JP, sustained substantial damage when it was involved in an accident near Mandan, North Dakota. The pilot and passenger were not injured. The airplane was operated as a Title 14 Code of Federal Regulations Part 91 personal flight.
According to the pilot, he departed Bismark Municipal Airport (BIS) and requested vectors for the RNAV 31 approach at Mandan Regional Airport (Y19) from air traffic control. The pilot reported that his approach to Y19 was uneventful and estimated that he touched down about 100 ft past the numbers for runway 31. The pilot attempted to decelerate, keeping constant pressure on the brakes. The pilot stated that the brakes were not working until he approached the end of the runway, at which point the brakes “slowly got responsive.” The pilot stated that the pilot-rated passenger asked about conducting a go-around during the landing attempt, but the pilot was focused on stopping. The pilot reported that a go-around could have been possible and that it was a “shock” that he couldn’t stop the airplane. According to the pilot, he used a flap setting of 20°, or APP during the approach and landing.
According to the pilot-rated passenger, the landing at Y19 was so smooth that he did not notice the airplane had touched down until the nose wheel shimmied. The passenger stated that the airplane appeared to touchdown within the first third of the 4399-ft runway and the landing roll seemed normal, but he did not feel as much deceleration as he expected.
The airplane exited the paved surface of the runway and impacted a runway end identifier light, resulting in substantial damage to the fuselage.
According to the airport manager, who examined the runway surface after the accident, there were visible tire skid marks leading off the end of the runway.
A postaccident examination of the brake system revealed that the brakes appeared to function normally. There was no evidence of leaks at the hoses, calipers, or at the master cylinders attached to the rudder pedals. Brake application was firm and, with the brakes applied, would have prevented the movement of the airplane. The brake pads appeared to have adequate material left to not impede braking action. The right brake pads were worn more than the left, but not beyond the limit of function.
An aircraft performance study using ADS-B and engine ECU data concluded that the airplane touched down at 92 kts calibrated airspeed, 6 kts faster than the 86-kt VREF speed calculated from the Airplane Flight Manual. The airplane’s weight on wheels (WOW) sensors indicated that the airplane was not fully on the ground until 2,136 ft past the runway threshold. The airplane was landed in a 6.3-kt tailwind that would have increased landing distance by 21%. Considering all factors, the study concluded that there was insufficient runway remaining after the touchdown for the airplane to stop. Additionally, the study concluded that had the pilot used the LDG flap setting there would have been sufficient runway remaining.
According to the AFM, ground roll distances for flaps LDG are about 73% of the ground roll distances for flaps APP/UP. If that ratio holds for the ground roll estimate above of 2,411 ft with flaps APP, the ground roll estimate for flaps LDG would be 1,760 ft. A ground roll of 1,760 ft would have allowed the airplane to stop on the runway.","The pilot estimated that he touched down about 100 ft past the numbers while landing. He attempted to decelerate, keeping constant pressure on the brakes. The pilot stated that the brakes were not working until he approached the end of the runway, at which point the brakes “slowly got responsive.” The pilot reported that a go-around was possible and that it was a “shock” that he couldn’t stop the airplane. He reported that the approach and landing was made with the flaps set to “APP.”
The airplane exited the paved surface of the runway and impacted a runway end identifier light, resulting in substantial damage to the fuselage.
A postaccident examination of the brake system revealed no anomalies that would have precluded normal operation, and a postaccident runway inspection by the airport manager revealed visible tire skid marks leading off the end of the runway.
An aircraft performance study using ADS-B and engine control unit (ECU) data concluded that the airplane touched down at 92 kts calibrated airspeed (KCAS), 6 kts faster than the 86-kt VREF speed calculated from the airplane flight manual. The airplane’s weight on wheels sensors indicated that the airplane was not fully on the ground until 2,136 ft past the runway threshold. The airplane landed in a 6.3 kt tailwind that would have increased landing distance by 21%. Considering all factors, the study concluded that insufficient runway remained after the touchdown for the airplane to stop. Additionally, the study concluded that had the pilot used the LDG flap setting, there would have been sufficient runway remaining.","The pilot’s failure to perform a go-around following an unstable approach while landing with a tailwind, which resulted in the airplane touching down long on the runway with insufficient distance to stop. Contributing to the accident was the pilot’s selected flap setting which increased the airplane’s landing roll.",,"07/29/26 18:00:24","coln"
"20240916195129",1,"On September 08, 2024, about 0650 Pacific daylight time, a Mooney M20F airplane, N9628M, was substantially damaged when it was involved in an accident near Cottonwood, Arizona. The pilot sustained serious injuries and later succumbed to his injuries. The airplane was operated as a Title 14 Code of Federal Regulations Part 91 personal flight.
 
The pilot departed from Deer Valley Airport, Phoenix, Arizona about 0625 with the intention of landing at Cottonwood Airport, Cottonwood, Arizona, and having breakfast with friends. A witness observed the airplane at a low altitude and then pitched up before colliding with a tree. The witness heard the engine operating as the airplane flew at a low altitude before it pitched up. He reported that the engine sound increased immediately before the airplane struck the tree. 

Another witness, who lives about a block from the impact location, reported the airplane flew very low over his street and appeared to encounter a flock of about 20 birds that rose from a dead tree about 35 feet above the ground. He stated the birds were likely western bluebirds about 7 inches long and that large numbers had been roosting and feeding on berries across the street from his home. He observed the airplane turn left, appear sideways, and then pass out of view. He stated he heard the impact shortly thereafter but did not witness the collision.

The airplane came to rest inverted about 2,000 ft from the departure end of runway 32. The right fuel tank was breached and the fuel quantity before impact could not be ascertained. Three gallons of fuel were recovered from the fuel system as part of the retrieval efforts. There was evidence of fuel staining near the fuel caps on the upside-down wings, consistent with fluid in the wing tanks after impact. The landing gear had released from the uplocks but remained partially retracted within the wheel wells. The flaps were extended. 

A piece of windscreen and numerous swabs of the airframe were sent to the Smithsonian Institution's Feather Identification Lab for examination. No bird DNA or feather fragments were detected in any of the samples. 

The pilot succumbed to his injuries on December 18, 2024.","The pilot was on final approach to the destination airport. Witnesses observed the airplane flying at a low altitude and heard the engine operating as it maneuvered toward the airport. The airplane appeared to encounter a flock of about 20 birds that rose from a dead tree about 35 ft above the ground. The airplane pitched up and turned left, consistent with the pilot attempting an evasive maneuver to avoid the birds. The airplane collided with a tree and residence. 

The pilot succumbed to his injuries and could not be interviewed. No bird DNA or feather fragments were detected in samples taken from the airplane. Although no physical evidence of a bird strike was identified, witness observations indicated that the pilot maneuvered to avoid birds that had risen into the airplane’s flight path. Witnesses observed the airplane flying at a low altitude as it approached the airport. The pilot likely did not have sufficient altitude to recover from the evasive maneuver before the airplane collided with a tree.","The pilot’s evasive maneuver to avoid birds while on final approach at a low altitude, which resulted in the airplane colliding with a tree.",,"07/29/26 18:00:26","umja-c"
"20260416202832",1,"On April 15, 2026, about 1025 Atlantic standard time, an Icon A5 amphibious airplane, N558BA, was substantially damaged when it was involved in an accident near Levittown, Puerto Rico. The student pilot was not injured. The airplane was operated as a Title 14 Code of Federal Regulations Part 91 personal flight. 

The student pilot, who was also the airplane owner, reported that he was nearing the destination airport on a cross-country flight and intended to land on an asphalt runway at Fernando Luis Robas Diminicci Airport (TJIG), San Juan, Puerto Rico. About 5 miles from TJIG, at an altitude of 1,000 ft mean sea level, and while approaching the Levittown water tank visual reporting point, the “Engine” and “Land Airplane” annunciator lights illuminated in the cockpit. The pilot checked the digital engine display and an “Oil PSI: 1” warning was flashing. Additionally, the analog oil temperature gauge provided no indication. 

The engine then lost oil pressure before it lost partial power, which the pilot reported to the TJIG air traffic control tower controller. The engine subsequently lost all power. Unable to glide the airplane to the airport, the pilot elected to conduct a forced landing to the bay. Due to the rough water conditions, the landing was hard, which resulted in substantial damage to the left wing and empennage. After egress, the pilot observed oil spray on the empennage. 

A postaccident examination of the engine by an FAA inspector revealed that the oil line between the oil pump housing and the oil cooler had separated from the oil cooler adapter at the barbed end of the B-nut assembly (see figure). The respective clamp, which was supposed to secure the oil line past the barbed fitting, was not recovered. 



Figure - Barbed B-nut assembly with separated oil line indicated by red arrow.

Review of maintenance records revealed that the airplane was manufactured in 2022 as a certified as a special light sport aircraft (S-LSA). At that time, it was equipped with a Rotax 912 iS 100-hp engine. In March 2025  a maintenance facility removed that engine and installed a Rotax 916 iS, 160-hp engine. To accomplish this without an FAA supplemental type certificate, the airplane was recertificated in the experimental light sport (E-LSA) category. The airplane subsequently underwent a condition inspection in September 2025, about 43 hours after the new engine was installed. No repairs or other maintenance were noted in the log entry documenting the inspection. The airplane had flown about 141 hours from the time of the new engine installation until the accident.

According to the owner of the maintenance facility who performed the engine installation, he completed engine upgrades of about 10 other Icon airplanes, and as of the time of the accident, had not heard of any of those airplanes experiencing issues. He added that after the accident, he changed oil line fittings from push-lock type fittings to screw-on fittings.","As the amphibious airplane was approaching the destination airport, the engine lost oil pressure shortly before losing power completely. Unable to glide to the airport, the pilot elected to conduct a forced landing to a nearby bay. Due to the rough water conditions, the landing was hard, which resulted in substantial damage to the left wing and empennage. 

Postaccident examination of the wreckage revealed that that the oil line that connected the oil pump housing to the oil cooler had separated from the oil cooler adapter at the barbed end of the B-nut assembly. The respective clamp, which was supposed to secure the oil line past the barbed fitting, was not recovered. It is possible that the clamp was not completely secured past the barbed fitting when the new, upgraded engine was installed onto the airplane about 1 year prior to the accident; however, the clamp could not be located after the accident, so the preseparation position and condition of the clamp could not be determined.","An oil line separation at a barbed fitting in an experimental airplane, which resulted in a total loss of engine power due to oil starvation.",,"07/29/26 18:00:27","coln"
"20260714203391",1,"On July 13, 2026, about 800 mountain daylight time, a Tag Aviation Pty Ltd Titanium Explorer gyrocopter, N665TE was substantially damaged when it was involved in an accident near Larkspur, Colorado. The pilot passed away in the hospital five days after the accident. The gyrocopter was operated under Title 14 Code of Federal Regulations Part 91 as a personal flight. 
According to a friend of the pilot, the pilot flew the gyrocopter from Meadowlake Airport (FLY) Peyton, Colorado, to Central Colorado Airport (AEJ) Buena Vista, Colorado, 4 days before the accident. The pilot and his friend flew their respective gyrocopters around the Buena Vista area several times during that four-day period. The friend said that the gyrocopter was performing normally. 
On the morning of July 13th, the pilot filled the fuel tank with 91 Octane motor gas before he departed back toward FLY. The friend said that the pilot planned to circumnavigate Davis Airfield (AFF) Colorado Springs, Colorado, to the north and then fly back toward the east toward Peyton, Colorado. The pilot departed AEJ about 700. While enroute, he called another friend on his cellular phone to let him know that he was flying over Lake George in Park County, Colorado. He told the friend that everything was fine and he would call him again when he landed safely at FLY.
About 800, a witness walking her dog outside her home said that she heard the gyrocopter fly overhead. She said the gyrocopter was low and the engine was “struggling.” Then, the engine stopped and the gyrocopter fell through the trees. She reported that the pilot was conscious but not speaking and that fuel was dripping out of the fuel tank. 
The gyrocopter was relatively intact and came to rest on its right side under a group of trees. The rotor blades were bent and cracked. One of the rotor blade tips was sheared off. The three-bladed propeller was still attached at the hub, and the blades were flat and smooth. The needle on the Aviasport gyro rotor tachometer was fully in the red zone at 500 rpm.
According to the engine and airframe logbooks, N665TE would have been due for an annual condition inspection in September 2026. At the time of the accident, the airframe had accumulated about 50 hours, and the engine had accumulated about 400 hours.
The gyrocopter was retained for further examination.",,,,"07/29/26 18:00:29","kaij"
"20251023201917",1,,"On October 23, 2025, about 1211 Eastern Daylight Time (EDT), an experimental Air VEV, Inc. Zero 2 advanced air mobility (AAM) electric vertical takeoff and landing (eVTOL) aircraft, N514AX, lost control while maneuvering to land at Indiantown Airport (X58), Indiantown, Florida. At the time of the accident, the aircraft was operated by a remote pilot as an unmanned aircraft system (UAS) under the provisions of Title 14 Code of Federal Regulations Part 91 and a Federal Aviation Administration (FAA) Certificate of Authorization (COA). The aircraft was destroyed by impact forces and a post-crash fire. There were no injuries.
The Air VEV Zero 2 is equipped with 8 coaxial pairs of electric engines, each with 4 fixed-pitch propeller blades (figure 1). The airframe has a fixed quad-cycle landing gear. 
 

Figure 1. Air VEV Zero 2. (Source: Air VEV)
The aircraft is flown visual line of sight (VLOS) by a remote pilot. A ground control station operator monitors telemetry, aircraft system status, and signal status. The remote pilot and ground control station operator are in communication with each other. According to the remote pilot and ground control station operator, the aircraft was flying a circuit pattern with no anomalies for the first completed circuit. 
During the second circuit, the motor temperatures began to increase. As a result, the remote pilot stated he began a descent and slowed the aircraft to prepare for landing. A ground witness video, which captured the last 8 seconds of the accident flight, showed the aircraft was flying level when it suddenly pitched up, near vertically, and then rapidly descended sideways (left wing down) to the ground until impact.
The airframe manufacturer conducted postaccident analysis and testing of exemplar motors electronic speed controllers. Testing showed that high electrical current rate spikes could result in a shutdown of the motor as a hardware protection feature. Sudden increases in motor loads, such as during maneuvering, could result in these current rate spikes. 
During the accident flight, one of the aft motors likely shut down due to an irregular current spike caused by a sudden increase of load due to maneuvers. The shutdown of an aft motor resulted in a sudden increased load on adjacent aft motors that also led them to shut down. As the forward motors and propellers continued to produce thrust, the aircraft pitched up abruptly once thrust from the aft motors were lost.","A cascading shutoff of multiple aft motors due to a sudden increase in motor loads during maneuvering, resulting in a loss of control.",,"07/30/26 18:00:00","warl"
"20260219202454",1,,"The pilot departed for a short flight to his own private landing area. While approaching to land, he initiated a practice autorotation toward the hangar. During the descent, all indications appeared normal.  As the pilot started the flare and increased the throttle, the low rotor RPM warning activated. He continued the flare to reduce forward speed and the low rotor RPM warning sounded again. At this point, the pilot elected to perform a run-on landing. He lowered the nose of the helicopter to level the skids. The ground was soft due to recent rain and after the helicopter skidded about 15 feet, the left skid dug into the soft ground, and the helicopter tilted forward, and the main rotor blades contacted the ground. The helicopter rolled onto its left side and the tail boom separated which resulted in substantial damage to the main and tail rotor blades. The pilot reported that there were no mechanical anomalies with the helicopter which would have precluded normal operations.","The pilot’s failure to maintain sufficient rotor speed during a practice autorotation to soft terrain which resulted in a loss of control and roll over.",,"07/30/26 18:00:01","coln"
"20260330202723",1,,"The pilot reported that after an uneventful landing he applied full power to initiate a touch-and-go on runway 26. During the takeoff portion of the maneuver, the gyroplane began to drift to the left. The pilot attempted to correct the drift; however, each time the nosewheel lifted off the runway, the gyroplane continued to drift to the left. As the gyroplane continued to drift towards the runway edge, the pilot attempted to rotate the gyroplane to take off. The gyroplane tipped to the left and impacted the ground which resulted in substantial damage to the mast and empennage. Wind at the time of the accident was 280° at 10 knots gusting to 19 knots. 
The pilot reported that there were no preimpact mechanical malfunctions or failures that would have precluded normal operations.","The pilot’s failure to maintain directional control during the takeoff in gusting wind conditions.",,"07/30/26 18:00:02","coln"
"20260402202744",1,,"The flight instructor and the student pilot were on a multi-leg cross-country flight, and conducted an overflight of the private-use airport’s 2,400-ft-long by 100-ft-wide turf runway to assess its condition. They observed no obstacles or wildlife and landed uneventfully. After performing a preflight inspection of the airplane, the flight instructor planned to perform a soft-field takeoff. The flight instructor reported that during the takeoff roll, it felt as if the left main landing gear struck something, after which the airplane suddenly began a hard turn to the left. The flight instructor applied full right rudder and reduced engine power in an attempt to regain control; however, the airplane exited the runway and struck water adjacent to the runway. The airplane sustained substantial damage to the elevator during the accident sequence. The flight instructor and the student pilot reported there were no preimpact mechanical malfunctions or failures of the airplane that would have precluded normal operation. An FAA inspector who examined the runway after the accident observed noticeable areas of uneven ground, as well as various low and high spots that were the result of ant hills, mole tunnels, and ground settling. Given this information, it is likely that one of the airplane’s main landing gear briefly contacted one of these areas of uneven ground during the takeoff roll, which resulted in the airplane’s left turn and the subsequent runway excursion.","The airplane’s encounter with uneven terrain during takeoff, which resulted in a runway excursion and impact with water.",,"07/30/26 18:00:03","coln"
"20260407202771",1,,"The student pilot reported that during the instructional flight the first landing was normal. The second approach and landing were also normal, but the airplane began to veer to the right during the landing rollout. The flight instructor took control of the airplane and performed an aborted landing. After communicating with another pilot who was on the ground at the airport, they determined that the right main landing gear wheel had separated from the airplane. On the subsequent landing, the airplane landed in the grass short of the paved runway, the remnants of the right main landing gear dug into the ground, and the airplane yawed sharply to the right. The airplane sustained substantial damage to the left wing and fuselage.
Examination of the airplane after the accident revealed that the welded structure that held the wheel and wheel axle to the round landing gear leg had fractured. The lower portion of the weldment, along with the wheel and brake assembly, were found on the runway. 
Examination of the weldment showed a buckled portion of tube below the attachment to the round gear leg. The buckling was consistent with a hard landing occurring at some point in the life of the part. There was a complete fracture of the tube just above the buckled section and the interior of the tube was corroded. The fracture surfaces had features consistent with overstress failure.
Based on the student pilot’s account and the physical evidence it is likely that the landing gear weldment had previous damage that went undetected until failure during the accident flight.","The failure of the landing gear weldment that resulted in separation of the right main landing gear.",,"07/30/26 18:00:03","coln"
"20260415202827",1,,"The pilot reported that during the approach, the left main landing gear did not extend. The pilot attempted to cycle the landing gear and utilize the alternate landing gear extension system; however, the left main landing gear remained in the stowed position. The pilot chose to perform a gear up landing, which resulted in substantial damage to both engine mounts. The pilot reported that a postaccident examination revealed that the landing gear tires were incorrect part number and oversized by about 1 inch, and maintenance personnel changed the tires two days before the accident. Due to the oversized tire, the left main landing gear became wedged in the wheel well, which prevented the landing gear from extending.","Maintenance personnel's installation of an oversized tire, which prevented the left main landing gear from extending resulting in a precautionary gear up landing.",,"07/30/26 18:00:04","coln"
"20260427202900",1,,"The pilot reported that while enroute he became ill and notified air traffic control (ATC) who then vectored him to the closest airport. The pilot identified what he thought was the airport, but then completed a descent and landing on a residential driveway. During landing the airplane impacted a gate extension, which resulted in substantial damage to the right wing.  
The pilot reported no mechanical malfunctions or failures with the airplane that would have precluded normal operations.","The pilot’s failure to correctly identify the runway, which resulted in a landing on a residential driveway and collision with a gate.",,"07/30/26 18:00:05","salf"
"20260429202909",1,,"The pilot reported that he became distracted by converging traffic and the short runway while entering the traffic pattern. During the approach, he did not complete his before-landing checklist or extend the landing gear. He stated that because the engine rpm remained above the landing gear warning horn activation threshold during the approach, the horn did not sound. The airplane landed with the landing gear retracted and slid to rest on the runway, resulting in substantial damage to the lower fuselage. 
The pilot reported no preaccident mechanical malfunctions or failures with the airplane that would have precluded normal operation.","The pilot’s failure to extend the landing gear before landing due to distraction and his failure to conduct the before landing checklist.",,"07/30/26 18:00:05","coln"
"20260501202916",1,,"The air medical helicopter had responded to a call for service, and after landing was sitting idle with the engine running and its rotors turning while the flight medical crew and two local volunteer fire department personnel transferred a patient from a stretcher into the helicopter. Once the patient was loaded, a flight medical crew member told the fire department volunteers they could leave the rotor disk area while they finished securing the patient inside the helicopter. A flight medical crew member then observed one of the volunteers move the stretcher back and away from the helicopter; however, the two volunteers did not leave the rotor disc area. A few moments later, a flight medical crew member watched the unattended and unsecured stretcher roll downhill toward the helicopter’s spinning tail rotor. The stretcher collided with the tail boom and the tail rotor resulting in substantial damage to both tail rotor blades and minor damage to the tail boom.","Failure of the volunteer fire department personnel to properly monitor and secure a stretcher, which resulted in it rolling into the helicopter’s tail rotor.",,"07/30/26 18:00:05","coln"
"20260511202961",1,,"The student pilot had hired the flight instructor to accompany her on a three-day cross-country trip where they made multiple stops in order for her to gain familiarity with operating the airplane outside of her home operating environment. At the conclusion of a short cross-country flight, the student pilot was manipulating the controls while under instruction. During the landing attempt, the student pilot flared too early at an excessive height above the runway. The flight instructor did not take control of the airplane and instead attempted to give verbal instruction to the student to recover, but the airplane’s sink rate increased as the airspeed decreased. The airplane subsequently landed hard and flat on all 3-landing gear, resulting in substantial damage to the fuselage. Following the accident, the flight instructor stated that in hindsight he should have been more proactive and intervened earlier by conducting a go-around when the approach became unstable. The student pilot also stated that she was uncomfortable with the landings at an unfamiliar airport with 50 ft trees at the ends; she also thought that the flight instructor would be more hands-on during his instruction. The flight instructor reported that there were no pre impact mechanical malfunctions or failures of the airplane that would have precluded normal operation.","The student pilot’s improper landing flare and the flight instructor’s inadequate remedial action, which resulted in a hard landing.",,"07/30/26 18:00:06","coln"
"20260512202970",1,,"The pilot reported that while flying along the west side of Monroe Mountain about 1,000 ft above ground level, the airplane encountered a downdraft near a river drainage at the southern end of the valley. The pilot applied full engine power, maneuvered to avoid a tree near the right wingtip, and attempted to maintain airspeed. During the maneuver, the airplane collided with another tree that the pilot had not seen. The airplane subsequently impacted terrain and was consumed by a postimpact fire.
The pilot reported that there were no mechanical malfunctions or failures with the airplane that would have precluded normal operation.","The pilot's failure to maintain clearance from trees while maneuvering in mountainous terrain prior to encountering a downdraft.",,"07/30/26 18:00:06","coln"
"20260515202998",1,,"The pilot reported that while on the final leg of the traffic pattern at the destination airport, he applied left crosswind correction and noted that the right rudder pedal was stiff. When the main landing gear contacted the runway surface, the rudder pedal was stuck. The pilot attempted to maintain control of the airplane; however, the airplane yawed to the right and exited the runway surface. Subsequently, the left wing impacted an airport sign, which resulted in substantial damage.
At the time of the accident, the pilot was landing the airplane on runway 21 with the wind from 150° at 12 knots, gusting to 23 knots.
Post accident examination revealed that a plastic foreign object was stuck in the right rudder pedal. The pilot added that during the flight, he observed a plastic foreign object bouncing around the cockpit earlier in the flight but was not sure what it was.","The pilot’s inability to maintain directional control due to a plastic foreign object jammed in the rudder pedals, while landing with a gusting left crosswind.",,"07/30/26 18:00:06","coln"
"20260515202999",1,,"The pilot stated he was maneuvering the helicopter around and near the airport property. While practicing hovering, he was evaluating the left lateral cyclic trim control. The helicopter encountered wind and rolled, coming to rest on its left side. During the accident sequence, the main rotor blades severed the tail boom from the airframe. 
The pilot stated there were no pre impact mechanical malfunctions or failures with the helicopter that would have precluded normal operation. At the time of the accident, the wind was from 320° at 11 knots, gusting to 17 knots.","The pilot’s failure to maintain control while hovering in gusty wind conditions, resulting in the helicopter rolling onto its side.",,"07/30/26 18:00:07","kelz"
"20260518203005",1,,"The pilot was instructed to navigate to the runway by approach control. During the approach, the pilot was instructed to change runways. The pilot reported that he forgot to extend the main landing gear because he was distracted due to the request to transition to a different runway. The airplane landed in a gear-up configuration on the runway and sustained substantial damage to the fuselage keel beams. The pilot reported that there were no preaccident mechanical failures or malfunctions with the airplane that would have precluded normal operation. The pilot further reported that the accident sequence involved “distracting circumstances.”","The pilot's failure to extend the main landing gear prior to landing, which resulted in a gear up landing. Contributing to the accident was the pilot’s distraction during the approach.",,"07/30/26 18:00:07","hodm"
"20260519203017",1,,"The pilot/builder had recently completed constructing the experimental amateur-built airplane and had successfully flown for about 15 hours over three days. On the day of the accident, he had completed seven takeoffs and landings and was preparing for another takeoff in the tailwheel-equipped airplane. According to the pilot, he aligned the airplane with the runway heading to take off. As he slowly applied engine power, the airplane began to turn “hard” to the left. The pilot attempted to add right rudder input to correct the left turn, but the airplane continued to the left, exited the runway, and ground looped in the grass. The pilot estimated that the airplane traveled a total of 235 ft down the runway from where power was applied to where the airplane came to rest. The airplane sustained substantial damage to the right aileron and empennage during the runway excursion. The pilot examined the airplane after the accident and found that the left wheel was “hot” difficult to rotate. He disassembled the left wheel and brake system and observed that there were significant grooves in the brake pads and debris lodged within the brake rotor.","Contamination of the left wheel brake system with debris, which resulted in a loss of directional control during takeoff.",,"07/30/26 18:00:08","coln"
"20260521203036",1,,"The pilot reported that the twin-engine experimental airplane departed on a cross-country flight with a full fuel load (28 gallons). After takeoff, he observed that the airplane had a 52 mph tailwind which resulted in a 150 mph ground speed at his cruise altitude of 11,500 ft. The pilot planned to make a fuel stop, but he recalculated the fuel required based on the airplane’s ground speed and concluded that the airplane could reach his intended destination for the day. The pilot reported that the airplane’s expected fuel consumption rate, for both engines combined, was 6 to 10 gallons per hour. The pilot reported that he expected the airplane would have 2 to 3 gallons of fuel remaining when he reached the intended destination.

About 2.5 hours after departure, and about 15 minutes from the destination airport, the left and right fuel tank gauges displayed about ¼ tank remaining (3.5 gallons each). However, about 5 to 10 minutes later, the pilot noticed that the fuel level remaining in the tanks decreased rapidly.

The pilot reported that both engines lost all power due to fuel exhaustion before the airplane reached the intended airport, and that he conducted a forced landing to a muddy field. Upon landing, the left wheel flange separated, and the fuselage and left wing were substantially damaged. The pilot admitted that the airplane did not have sufficient fuel to complete the flight, and there were no preaccident mechanical malfunctions or failures with the airplane that would have precluded normal operation.","The pilot’s inadequate fuel planning, which resulted in a total loss of engine power due to fuel exhaustion.",,"07/30/26 18:00:08","coln"
"20260528203065",1,,"The flight crew of the business jet were approaching the destination airport near the conclusion of the transcontinental flight. The second-in-command (SIC) reported that air traffic control cleared the flight to land when the airplane was about 3 miles from the airport. Just after being cleared to land, the air traffic controller informed the flight crew that heavy rain would be encountered throughout the landing approach. The pilot-in-command (PIC) also described observing precipitation via weather radar and that a heavy rain cell had been reported on the runway. The SIC subsequently called the runway in sight when the airplane was about 250 feet above the airport elevation, and they continued the approach. As that airplane entered the landing flare, the forward visibility was extremely reduced, due to the heavy rain downpour, and the flight crew lost outside visual reference. Shortly after touching down the crew regained visual reference of the runway and realized that the airplane was drifting right of the runway centerline. The airplane continued right and the right main landing gear exited the paved runway surface into the grass. The pilots applied left control inputs, and the airplane rotated about 70° to the left before it came to rest on the runway, oriented nearly perpendicular to their approach path. The flight crew then applied power and were able to taxi to parking uneventfully. The airplane sustained substantial damage to the right wing during the accident sequence. The PIC reported that there were no preaccident mechanical malfunctions or failures of the airplane that would have precluded normal operation.
A review of weather radar reflectivity data about the time of the accident showed that heavy to extreme precipitation was present on the approach to and over the airport. A special surface observation report was issued about the time of the accident and indicated ¾ statute mile of visibility in heavy rain, thunderstorms, and mist. Review of airport surveillance video confirmed that when the accident airplane was landing, the runway approach end was obscured by heavy rain, consistent with the flight crew, radar, and airport surface observation report. After the accident, the PIC stated, “We didn’t like the looks of the radar return, however there were no indications of sheer and the two aircraft ahead of us reported no issues. We flew a stabilized [instrument landing system] approach all the way to touchdown, but the visibility through heavy rain, gusty winds and wet runway condition should have been anticipated.”","The flight crew’s decision to continue the landing approach into adverse weather conditions, which resulted in a loss visual reference and loss airplane control during landing.",,"07/30/26 18:00:08","coln"
"20260528203067",1,,"The pilot was on the final approach to the runway and reduced engine power too early resulting in a hard, bounced landing during which the nose landing gear collapsed, and the airplane nosed over. The airplane sustained substantial damage to the vertical stabilizer, rudder, both wings, and both wing struts.
The pilot stated to an FAA inspector that there were no mechanical issues with the airplane before the accident and that it was due to pilot error.","The pilot’s improper engine power application during the landing flare, which resulted in a hard, bounced landing and nose over.",,"07/30/26 18:00:09","rutb"
"20260529203077",1,,"The pilot stated that he made an unstable approach, after which the airplane landed hard and bounced. A gust of wind caught the airplane’s right wing during the bounce and the airplane veered off the left side of the runway. The left wing collided with a runway marker light and a directional sign, which resulted in substantial damage to the wing spar and punctured the fuel tank. The pilot was able to get the airplane back on the runway and aborted the landing. Once airborne, he smelled fuel, declared an emergency and landed without further incident. The pilot reported there were no mechanical issues that contributed to the accident and that he should have gone around versus trying to force a landing.","The pilot’s improper decision to continue with an unstabilized approach, which resulted in a hard landing, loss of directional control, and collision with a runway marker light and sign.",,"07/30/26 18:00:09","coln"
"20260529203080",1,,"The pilot reported that shortly after takeoff, the canopy opened on his experimental airplane because he failed to properly latch it before takeoff. He was unable to close the canopy after it opened and decided to land the airplane straight ahead on the remaining runway. The airplane subsequently overran the departure end of the runway and came to rest in the grass. The engine mount sustained substantial damaged. The pilot reported that there were no preaccident mechanical malfunctions or failures that would have precluded normal operation.","The pilot’s failure to properly latch the canopy before flight, which led to the canopy opening shortly after takeoff.",,"07/30/26 18:00:10","coln"
"20260529203081",1,,"The pilot reported that after touchdown the airplane swerved to the left, he over-corrected, and the plane swerved left again, so he applied power for a go-around. While airborne, the airplane was in a 10 to 15° right bank and the  lower right wing impacted a runway sign. The airplane then impacted a grassy area on its right side and both right wings sustained substantial damage. The pilot reported that there were no preaccident mechanical malfunctions or failures with the airplane that would have precluded normal operation.","The pilot’s failure to maintain control during the landing rollout and subsequent aborted landing.",,"07/30/26 18:00:10","coln"
"20260602203103",1,,"The pilot reported that while in cruise flight at 1,500 ft mean sea level (msl), the engine lost power and the pilot observed a low fuel pressure indication. He engaged the manual fuel pump, and engine power was briefly restored. He turned the airplane back toward the departure airport, but the engine power remained unreliable. The pilot selected a highway for an emergency landing and landed as close to the right side of the westbound lane as practical to maintain separation from vehicular traffic.  During the landing rollout, the right wing struck a road sign which pulled the airplane sharply to the right. The main landing gear collapsed, and the airplane came to rest in a ditch. The right wing sustained substantial damage.
The airplane was examined after the accident. The fuel tanks were intact and no fuel was present. The pilot reported that he checked his fuel totalizer before the flight but was distracted by a conversation and did not verify the fuel quantity visually. He reported that there were no preaccident mechanical malfunctions or failures with the airplane that would have precluded normal operation.","The pilot’s inadequate preflight inspection which resulted in a total loss of engine power due to fuel exhaustion.",,"07/30/26 18:00:10","coln"
"20260609203147",1,,"The pilot of the aerial application helicopter explained that he flew around the cornfield to identify hazards to flight (wires, houses, terrain, features, etc.) and then began aerial application operations. About 50 acres into the aerial application, the pilot was conducting a turn and checking his GPS when the glare from the sun made it difficult to see. The pilot described that he then misjudged the helicopter’s clearance from power lines and the helicopter impacted one of the top wires on the powerline with right skid and application boom. The helicopter then impacted the ground and came to rest on its left side, seriously injuring the pilot and resulting in substantial damage to the main rotor system, engine mounts, fuselage, and tailboom. The pilot reported that there were no preaccident mechanical malfunctions or failures of the helicopter that would have precluded normal operation.","The pilot’s failure to remain clear of a power line during an aerial application flight.",,"07/30/26 18:00:11","coln"
"20260609203150",1,,"The pilot reported that, during a straight-in approach, he forgot to extend the airplane’s landing gear and that he landed with the landing gear retracted. The airplane slid to a stop on the runway and sustained substantial damage to the lower fuselage. The pilot reported that there were no preaccident mechanical malfunctions or failures with the airplane that would have precluded normal operation.","The pilot’s failure to extend the landing gear before landing.",,"07/30/26 18:00:11","coln"
"20260714203390",1,"On July 10, 2026, about 1103 Pacific daylight time, a Canadair CF-5D, N845PS, was substantially damaged when it was involved in an accident near Mojave, California. The two pilots onboard were not injured. The airplane was operated as a Title 14 Code of Federal Regulations Part 91 instructional flight.
The pilot reported that during the landing roll the left engine fire warning system initiated, which was followed by a right engine fire warning. He stated that he performed the emergency procedure and the airplane came to a stop on the runway, at which time both pilots egressed. 
A witness photographed the airplane in the airport’s traffic pattern prior to landing. A photograph showed the airplane trailing white vapor from the left side of the fuselage underneath the left wing and around the left engine exhaust. 
An airport surveillance video showed the airplane touchdown on the runway with white vapor trailing. The airplane continued to roll down the runway when the white vapor stopped and the airplane caught fire. The airplane came to a stop on the runway where the fire continued to burn near the empennage.  
The airplane sustained substantial damage to the fuselage and empennage. 
The airplane was relocated to a hangar for further examination.",,,,"07/30/26 18:00:11","stes-i"
"20250207199662",1,,"On February 6, 2025, about 1520 Alaska standard time, a Textron Aviation 208B airplane, N321BA, operated as Bering Air flight 445, was destroyed when it was involved in an accident near Nome, Alaska. The pilot and nine passengers were fatally injured. The airplane was operated under Title 14 Code of Federal Regulations Part 135 as a scheduled charter flight.","The National Transportation Safety Board determines that the probable cause of this accident was the pilot’s inadequate airspeed management due to workload and degraded situation awareness and his improper inputs leading up to and during the aerodynamic stall, which increased the airplane’s angle of attack. Also causal was operation of the airplane above maximum gross weight, which reduced the airplane’s stall margin. Contributing to the accident were the operator’s inadequate safety management, which allowed the routine operation of flights that exceeded weight limitations, and the Federal Aviation Administration’s inadequate oversight of the operator, which failed to identify and address the routine operation of overweight flights.",,"07/30/26 18:43:06","rubp-c"
"20260714203379",1,"On July 9, 2026, about 1729 central daylight time, a Piper PA-30 airplane, N8154Y, was substantially damaged when it was involved in an accident near Tulsa, Oklahoma. The flight instructor and pilot under instruction were seriously injured. The airplane was operated as a Title 14 Code of Federal Regulations Part 91 instructional flight. 
The flight instructor reported that while conducting training maneuverers in the practice area she heard a noise similar to “sputtering” from the right engine and noticed the RPM drop to about 1500 rpms. Shortly after the rpm drop, the noise stopped and the rpm returned to normal. However, due to unexpected right engine issue, she chose to return to the airport. While returning to the airport, the flight instructor reported that all the engine gauges were observed to be within their respective normal ranges. 
During the approach, the flight instructor took the flight controls from the pilot under instruction as she observed that the airplane was too high and drifting from the runway centerline. However, the flight instructor was unable to correct for the unstable approach and chose to perform a go-around. The flight instructor reported that the airplane suddenly rolled inverted to the right after she applied full engine power to perform the go-around. 
Video surveillance imagery showed the airplane start an initial climb during the go-around followed by a sudden inverted roll to the right and then impacting terrain in a vertical nose low orientation. The airplane sustained substantial damage to both wings and the fuselage. 
The airplane owner reported that both propeller governors had been recently removed, overhauled, and reinstalled. The airplane was retained for further examination.",,,,"07/31/26 18:00:00","saua"
